entry_id,campaign_id,created_at,estimated_source,estimated_medium,estimation_reason,confidence
f8facd1c-de88-458b-ab4b-08b23ad14741,f91a1311-6be2-4c33-b265-94c42c1ef9d6,2026-01-07T07:08:34.358891+00:00,,,insufficient_data,low
b17402bc-f542-45d9-87e4-75f78e0e25b4,e80d8760-787e-48e9-85d4-798c4d156a7a,2026-01-06T23:19:45.538301+00:00,,,insufficient_data,low
8685cc65-a8f3-4d3e-8e07-6ccb3b30d02d,e80d8760-787e-48e9-85d4-798c4d156a7a,2026-01-06T23:19:04.640651+00:00,,,insufficient_data,low
c6ca6c36-0be1-470a-b302-74de7173102f,e80d8760-787e-48e9-85d4-798c4d156a7a,2026-01-06T23:19:02.042608+00:00,,,insufficient_data,low
64febb5d-2dd5-4975-b614-315770361f29,e80d8760-787e-48e9-85d4-798c4d156a7a,2026-01-06T23:18:34.089198+00:00,,,insufficient_data,low
5ec81483-dbf0-4a0e-89a8-927632f17ef5,e80d8760-787e-48e9-85d4-798c4d156a7a,2026-01-06T23:18:19.874923+00:00,,,insufficient_data,low
f8a02812-56f8-42e6-9b0f-4fb2478f81b2,e80d8760-787e-48e9-85d4-798c4d156a7a,2026-01-06T23:18:02.962753+00:00,,,insufficient_data,low
2e5ad5ad-6258-468c-b60a-ea6dfc5260a7,e80d8760-787e-48e9-85d4-798c4d156a7a,2026-01-06T23:17:51.037708+00:00,,,insufficient_data,low
88bf7ca4-1ad0-4e8f-a965-d7d695ce62ea,e80d8760-787e-48e9-85d4-798c4d156a7a,2026-01-06T23:17:23.569427+00:00,,,insufficient_data,low
d2ecebbb-4e89-47a7-b305-ea257603fa29,e80d8760-787e-48e9-85d4-798c4d156a7a,2026-01-06T23:16:58.423501+00:00,,,insufficient_data,low
779752cd-2b4a-46db-b36c-b3a18d8b58fb,e80d8760-787e-48e9-85d4-798c4d156a7a,2026-01-06T23:16:46.863248+00:00,,,insufficient_data,low
8d3399a1-3b56-416a-9a74-92e8c939b313,e80d8760-787e-48e9-85d4-798c4d156a7a,2026-01-06T23:16:20.229126+00:00,,,insufficient_data,low
efa9133d-ea01-4ba7-8f36-0d5e9b8bbb7e,e80d8760-787e-48e9-85d4-798c4d156a7a,2026-01-06T23:16:18.768948+00:00,,,insufficient_data,low
ac3dddc8-c28d-43be-95cf-fc63c624d3a9,e80d8760-787e-48e9-85d4-798c4d156a7a,2026-01-06T23:15:54.267457+00:00,,,insufficient_data,low
89b57e27-ec76-4577-8091-2763d8d58648,e80d8760-787e-48e9-85d4-798c4d156a7a,2026-01-06T23:15:27.461019+00:00,,,insufficient_data,low
30172aa1-0bb5-47ce-a364-89af5b56d11c,e80d8760-787e-48e9-85d4-798c4d156a7a,2026-01-06T23:15:40.26411+00:00,,,insufficient_data,low
03845c03-25fc-43d7-a30c-8d0def75256a,e80d8760-787e-48e9-85d4-798c4d156a7a,2026-01-06T23:15:04.430138+00:00,,,insufficient_data,low
55201028-4269-448c-8c7e-154f96995e64,e80d8760-787e-48e9-85d4-798c4d156a7a,2026-01-06T23:14:33.429555+00:00,,,insufficient_data,low
567a8767-5d2f-4ece-be65-215d6f7d1882,e80d8760-787e-48e9-85d4-798c4d156a7a,2026-01-06T23:14:25.643118+00:00,,,insufficient_data,low
796d951e-4e9f-4f5b-82ca-faf1d1cf7d46,e80d8760-787e-48e9-85d4-798c4d156a7a,2026-01-06T23:13:18.357467+00:00,,,insufficient_data,low
45862e96-6847-4791-a519-3f2b5beda666,e80d8760-787e-48e9-85d4-798c4d156a7a,2026-01-06T23:12:48.919571+00:00,,,insufficient_data,low
622e60cf-50ef-4258-8abf-73b1dfaa3358,e80d8760-787e-48e9-85d4-798c4d156a7a,2026-01-06T23:12:47.753069+00:00,,,insufficient_data,low
bfd32e57-9f8d-4c01-bd15-ea684f778d1b,e80d8760-787e-48e9-85d4-798c4d156a7a,2026-01-06T23:12:46.543567+00:00,,,insufficient_data,low
1a1f7d13-6bd2-4f87-9fde-f9e9420a243f,e80d8760-787e-48e9-85d4-798c4d156a7a,2026-01-06T23:12:36.809789+00:00,,,insufficient_data,low
1bf19bb3-4154-41db-9b62-6d59cd16cfa1,e80d8760-787e-48e9-85d4-798c4d156a7a,2026-01-06T23:12:22.896886+00:00,,,insufficient_data,low
0c91b189-5fd8-4fa5-a4b2-e1140ec4c3a6,e80d8760-787e-48e9-85d4-798c4d156a7a,2026-01-06T23:12:11.434496+00:00,,,insufficient_data,low
a2956008-f6e1-431c-a2d1-eff78a4e12d3,e80d8760-787e-48e9-85d4-798c4d156a7a,2026-01-06T23:12:06.636975+00:00,,,insufficient_data,low
b1fa922f-9e2d-4031-9dc3-e0baa169e4fb,e80d8760-787e-48e9-85d4-798c4d156a7a,2026-01-06T23:12:04.306149+00:00,,,insufficient_data,low
770fbd2c-419c-46fb-bb00-e0f79507ebac,e80d8760-787e-48e9-85d4-798c4d156a7a,2026-01-06T23:11:57.871571+00:00,,,insufficient_data,low
71464e7e-6623-4c29-a3c8-feb092ca2ec4,e80d8760-787e-48e9-85d4-798c4d156a7a,2026-01-06T23:11:49.223914+00:00,,,insufficient_data,low
507e14a8-3ad7-425e-b707-775b537e944c,f91a1311-6be2-4c33-b265-94c42c1ef9d6,2026-01-07T07:08:34.358891+00:00,,,insufficient_data,low
cc82ef97-358e-41ff-adb3-45bfa5634310,e80d8760-787e-48e9-85d4-798c4d156a7a,2026-01-06T23:30:09.352511+00:00,,,insufficient_data,low
4e542752-ab1a-4790-a161-a19bacaff0e7,e80d8760-787e-48e9-85d4-798c4d156a7a,2026-01-06T23:30:04.599022+00:00,,,insufficient_data,low
3b1253d1-4195-40bd-8999-40aac4de78fc,e80d8760-787e-48e9-85d4-798c4d156a7a,2026-01-06T23:29:36.227346+00:00,,,insufficient_data,low
800fc924-d90f-42bd-a4dd-775aef15282f,e80d8760-787e-48e9-85d4-798c4d156a7a,2026-01-06T23:29:22.482887+00:00,,,insufficient_data,low
98789907-64c7-4197-bd53-e802e119deb9,e80d8760-787e-48e9-85d4-798c4d156a7a,2026-01-06T23:28:19.719969+00:00,,,insufficient_data,low
03090074-0e14-4a4c-a29a-0e43ec31a978,e80d8760-787e-48e9-85d4-798c4d156a7a,2026-01-06T23:27:33.949801+00:00,,,insufficient_data,low
1a9a5829-5c82-4ba0-8a88-d5a4d1433c8d,e80d8760-787e-48e9-85d4-798c4d156a7a,2026-01-06T23:27:03.473447+00:00,,,insufficient_data,low
d436884d-443a-4584-9007-8f63b93320bb,e80d8760-787e-48e9-85d4-798c4d156a7a,2026-01-06T23:27:02.779785+00:00,,,insufficient_data,low
5aadf2da-9ed6-4bee-b87e-c6f481375880,e80d8760-787e-48e9-85d4-798c4d156a7a,2026-01-06T23:26:59.028024+00:00,,,insufficient_data,low
7696d983-a932-4a2c-9195-708d04d50a39,e80d8760-787e-48e9-85d4-798c4d156a7a,2026-01-06T23:26:56.041239+00:00,,,insufficient_data,low
03f5d1e3-2a0b-4cee-8591-46d19b55221b,e80d8760-787e-48e9-85d4-798c4d156a7a,2026-01-06T23:26:46.643329+00:00,,,insufficient_data,low
8d8ae1ba-f249-42c6-a506-5ff06afc8b53,e80d8760-787e-48e9-85d4-798c4d156a7a,2026-01-06T23:25:54.070025+00:00,,,insufficient_data,low
eb3a218b-402a-4775-ae98-49a27f93c33b,e80d8760-787e-48e9-85d4-798c4d156a7a,2026-01-06T23:25:46.556066+00:00,,,insufficient_data,low
cf722d7e-6079-4e5b-ab86-69d25ac08fdd,e80d8760-787e-48e9-85d4-798c4d156a7a,2026-01-06T23:25:31.032642+00:00,,,insufficient_data,low
bece0d12-854d-4024-837c-d1d18960cd39,e80d8760-787e-48e9-85d4-798c4d156a7a,2026-01-06T23:25:29.16855+00:00,,,insufficient_data,low
3156328b-6a6c-45ba-81f4-30e4c086f115,e80d8760-787e-48e9-85d4-798c4d156a7a,2026-01-06T23:24:39.416383+00:00,,,insufficient_data,low
4141d646-7874-4ecd-963d-f48669c56abf,e80d8760-787e-48e9-85d4-798c4d156a7a,2026-01-06T23:23:51.154063+00:00,,,insufficient_data,low
ec1e520e-15b8-4c7e-a6cf-ce48bb50c866,e80d8760-787e-48e9-85d4-798c4d156a7a,2026-01-06T23:23:36.335317+00:00,,,insufficient_data,low
0927a339-7efe-4703-927d-4f3720588016,e80d8760-787e-48e9-85d4-798c4d156a7a,2026-01-06T23:22:57.259689+00:00,,,insufficient_data,low
d2fcd5c4-b493-44c1-8179-eb57c2b2a2bb,e80d8760-787e-48e9-85d4-798c4d156a7a,2026-01-06T23:22:50.081523+00:00,,,insufficient_data,low
6c76c89c-fda9-4381-9545-cc92fdc575a5,e80d8760-787e-48e9-85d4-798c4d156a7a,2026-01-06T23:22:09.462411+00:00,,,insufficient_data,low
e5649ecb-7bd7-4b1c-9388-f37267cecdc7,e80d8760-787e-48e9-85d4-798c4d156a7a,2026-01-06T23:22:08.263293+00:00,,,insufficient_data,low
c778fb3d-d5ef-4d2e-a5db-231a3837ba61,e80d8760-787e-48e9-85d4-798c4d156a7a,2026-01-06T23:21:43.051489+00:00,,,insufficient_data,low
60b601ac-0e91-4335-a357-80b9b6c12164,e80d8760-787e-48e9-85d4-798c4d156a7a,2026-01-06T23:21:31.102879+00:00,,,insufficient_data,low
20e63daf-23c3-4bea-80a1-8ec06c89bb41,e80d8760-787e-48e9-85d4-798c4d156a7a,2026-01-06T23:21:13.925999+00:00,,,insufficient_data,low
96412fe3-f665-47c7-b0a7-3c8a707d7a95,e80d8760-787e-48e9-85d4-798c4d156a7a,2026-01-06T23:20:24.028498+00:00,,,insufficient_data,low
7efaeb1b-5807-4e05-9a38-251f7861e4eb,e80d8760-787e-48e9-85d4-798c4d156a7a,2026-01-06T23:30:03.923124+00:00,,,insufficient_data,low
96603094-66f9-4d1e-919a-c3afa7ef5e30,e80d8760-787e-48e9-85d4-798c4d156a7a,2026-01-06T23:29:33.028526+00:00,,,insufficient_data,low
4d4773f5-9d77-4ec4-8949-acf4db927666,e80d8760-787e-48e9-85d4-798c4d156a7a,2026-01-06T23:26:32.998814+00:00,,,insufficient_data,low
fbd6cbe4-2af2-459f-a3e6-534d3dcef54b,e80d8760-787e-48e9-85d4-798c4d156a7a,2026-01-06T23:35:48.250234+00:00,,,insufficient_data,low
3a5bf36b-1422-4066-ab91-e2e36486dd56,e80d8760-787e-48e9-85d4-798c4d156a7a,2026-01-06T23:35:34.247869+00:00,,,insufficient_data,low
7bb9f531-5edc-4f1f-8b47-dc3d27d23be4,e80d8760-787e-48e9-85d4-798c4d156a7a,2026-01-06T23:35:31.871458+00:00,,,insufficient_data,low
f646e449-86e6-42a7-9f0d-211117f203f4,e80d8760-787e-48e9-85d4-798c4d156a7a,2026-01-06T23:35:27.136569+00:00,,,insufficient_data,low
0c163fa0-370c-47c9-82b2-f0913a89c1db,e80d8760-787e-48e9-85d4-798c4d156a7a,2026-01-06T23:35:23.816441+00:00,,,insufficient_data,low
a38bb23b-7596-4be6-9a52-e6e1f13f92bd,e80d8760-787e-48e9-85d4-798c4d156a7a,2026-01-06T23:35:14.711256+00:00,,,insufficient_data,low
2f2d9e62-2737-4e2a-8a64-09246ea35678,e80d8760-787e-48e9-85d4-798c4d156a7a,2026-01-06T23:34:11.218446+00:00,,,insufficient_data,low
4c54031d-9194-4abb-900a-5714e474db0d,e80d8760-787e-48e9-85d4-798c4d156a7a,2026-01-06T23:34:06.193865+00:00,,,insufficient_data,low
0edf24db-4f2c-4edf-bc3f-848621af01d3,e80d8760-787e-48e9-85d4-798c4d156a7a,2026-01-06T23:33:59.65384+00:00,,,insufficient_data,low
b23f3148-62e3-4449-b04f-797a9fee2ad3,e80d8760-787e-48e9-85d4-798c4d156a7a,2026-01-06T23:33:43.501824+00:00,,,insufficient_data,low
852a69d9-de4e-4484-883e-042278de43de,e80d8760-787e-48e9-85d4-798c4d156a7a,2026-01-06T23:32:01.787241+00:00,,,insufficient_data,low
fb5a0fab-17d1-4c86-85fb-ade65f66ee3a,e80d8760-787e-48e9-85d4-798c4d156a7a,2026-01-06T23:31:42.74806+00:00,,,insufficient_data,low
1e808765-1924-4658-9a73-5c165c2fb6e5,e80d8760-787e-48e9-85d4-798c4d156a7a,2026-01-06T23:31:15.381421+00:00,,,insufficient_data,low
8042e5e7-6e8b-428b-bc4e-0c99aeb7a26d,e80d8760-787e-48e9-85d4-798c4d156a7a,2026-01-06T23:31:04.649692+00:00,,,insufficient_data,low
74f3b70e-63d5-4127-961d-fafa581bc070,e80d8760-787e-48e9-85d4-798c4d156a7a,2026-01-06T23:30:47.53078+00:00,,,insufficient_data,low
d656fe79-79dc-44ad-9324-ce0c80eee3f2,f91a1311-6be2-4c33-b265-94c42c1ef9d6,2026-01-07T07:08:34.358891+00:00,,,insufficient_data,low
3141a3a2-c75f-4e74-ae69-b79dbc4ee22c,f91a1311-6be2-4c33-b265-94c42c1ef9d6,2026-01-07T07:08:34.358891+00:00,,,insufficient_data,low
a4e628f9-9a53-4030-8233-96d4f176f443,f91a1311-6be2-4c33-b265-94c42c1ef9d6,2026-01-07T07:08:34.358891+00:00,,,insufficient_data,low
e6766c14-e752-4f7f-83de-50b19ef6ca84,f91a1311-6be2-4c33-b265-94c42c1ef9d6,2026-01-07T07:08:34.358891+00:00,,,insufficient_data,low
06e8cd33-dafd-4132-a7e2-9bc7cee52e4a,f91a1311-6be2-4c33-b265-94c42c1ef9d6,2026-01-07T07:08:34.358891+00:00,,,insufficient_data,low
7977a1be-adc1-4b44-ad7a-935b3670982c,f91a1311-6be2-4c33-b265-94c42c1ef9d6,2026-01-07T07:08:34.358891+00:00,,,insufficient_data,low
c3001ecc-bc6b-47d1-90a0-44deaa128ac2,f91a1311-6be2-4c33-b265-94c42c1ef9d6,2026-01-07T07:08:34.358891+00:00,,,insufficient_data,low
cd323f98-0cf6-4d8d-a577-8eb3428bb6ba,f91a1311-6be2-4c33-b265-94c42c1ef9d6,2026-01-07T07:08:34.358891+00:00,,,insufficient_data,low
ec19ff8a-9332-4ef0-97ee-2c3e9ad2ee43,f91a1311-6be2-4c33-b265-94c42c1ef9d6,2026-01-07T07:08:34.358891+00:00,,,insufficient_data,low
b47a39d3-48df-4629-8a16-aba440a03f0e,f91a1311-6be2-4c33-b265-94c42c1ef9d6,2026-01-07T07:08:34.358891+00:00,,,insufficient_data,low
b4bc29f7-2087-4ae2-be82-db2f1276decf,f91a1311-6be2-4c33-b265-94c42c1ef9d6,2026-01-07T07:08:34.358891+00:00,,,insufficient_data,low
c26126aa-438f-427e-965e-66392806a86e,f91a1311-6be2-4c33-b265-94c42c1ef9d6,2026-01-07T07:08:34.358891+00:00,,,insufficient_data,low
45468ac9-fef7-4e6a-9f28-2039dbedca47,f91a1311-6be2-4c33-b265-94c42c1ef9d6,2026-01-07T07:08:34.358891+00:00,,,insufficient_data,low
bb0045f2-0ec0-4d73-8032-b3834186966b,f91a1311-6be2-4c33-b265-94c42c1ef9d6,2026-01-07T07:08:34.358891+00:00,,,insufficient_data,low
18264b6c-6fb1-424e-8b66-74984bf2da9a,f91a1311-6be2-4c33-b265-94c42c1ef9d6,2026-01-07T07:08:34.358891+00:00,,,insufficient_data,low
74dc15d1-5502-4aad-b415-1eab2ec93686,e80d8760-787e-48e9-85d4-798c4d156a7a,2026-01-06T23:38:42.652533+00:00,,,insufficient_data,low
b82158a7-59c5-458f-bf8e-ce2015f7b0c5,e80d8760-787e-48e9-85d4-798c4d156a7a,2026-01-06T23:38:39.137886+00:00,,,insufficient_data,low
c45a1237-4c2e-4faa-83df-5488877cda13,e80d8760-787e-48e9-85d4-798c4d156a7a,2026-01-06T23:38:26.47254+00:00,,,insufficient_data,low
73d7fc9a-02cb-4398-ac9a-a016e94dc5d0,e80d8760-787e-48e9-85d4-798c4d156a7a,2026-01-06T23:38:25.824934+00:00,,,insufficient_data,low
8ef2acaa-2738-4908-8869-3a1bfc2d5dfb,e80d8760-787e-48e9-85d4-798c4d156a7a,2026-01-06T23:38:09.335931+00:00,,,insufficient_data,low
8b0f81c7-2a42-4352-9b9d-025cf531c80e,e80d8760-787e-48e9-85d4-798c4d156a7a,2026-01-06T23:38:02.267917+00:00,,,insufficient_data,low
999245e2-23ed-4fb5-928d-d9beb7ee136a,e80d8760-787e-48e9-85d4-798c4d156a7a,2026-01-06T23:38:00.905132+00:00,,,insufficient_data,low
a23c839f-c5ae-4cb6-b8ee-42ff888529cf,e80d8760-787e-48e9-85d4-798c4d156a7a,2026-01-06T23:37:56.931138+00:00,,,insufficient_data,low
b7549749-4bf0-4aed-9121-c8c8bb38cabb,e80d8760-787e-48e9-85d4-798c4d156a7a,2026-01-06T23:37:41.857682+00:00,,,insufficient_data,low
0db8a0f9-d4ba-4fa1-acde-81c51a379b64,e80d8760-787e-48e9-85d4-798c4d156a7a,2026-01-06T23:37:31.249327+00:00,,,insufficient_data,low
78075663-0395-444e-b57f-14b7b8b8f1d6,e80d8760-787e-48e9-85d4-798c4d156a7a,2026-01-06T23:37:22.974545+00:00,,,insufficient_data,low
f7b1e782-5641-4797-a5d3-e847da1ae4b8,e80d8760-787e-48e9-85d4-798c4d156a7a,2026-01-06T23:37:17.39544+00:00,,,insufficient_data,low
c4e9f596-9243-4864-9f07-7f72724bedd2,e80d8760-787e-48e9-85d4-798c4d156a7a,2026-01-06T23:37:15.007351+00:00,,,insufficient_data,low
45976bef-2bd1-4a36-b8b1-7e99632e8e01,e80d8760-787e-48e9-85d4-798c4d156a7a,2026-01-06T23:37:06.010705+00:00,,,insufficient_data,low
ca559e6a-3fc3-4900-a5a0-9aa4de22ceaf,e80d8760-787e-48e9-85d4-798c4d156a7a,2026-01-06T23:36:48.600999+00:00,,,insufficient_data,low
b5c74dae-8d8b-46b5-937a-7f87dae95aa4,e80d8760-787e-48e9-85d4-798c4d156a7a,2026-01-06T23:36:03.456487+00:00,,,insufficient_data,low
df7aca99-b8a2-4346-9c8a-9706aa45a666,e80d8760-787e-48e9-85d4-798c4d156a7a,2026-01-06T23:35:58.450536+00:00,,,insufficient_data,low
e5f476ac-1583-4a6c-90b3-0142e73870ec,e80d8760-787e-48e9-85d4-798c4d156a7a,2026-01-06T23:35:37.491064+00:00,,,insufficient_data,low
4a34a0ba-3c13-49b0-8b3f-5af93f2f0059,e80d8760-787e-48e9-85d4-798c4d156a7a,2026-01-06T23:35:29.513661+00:00,,,insufficient_data,low
9b3b3827-e8e8-4d30-b3a0-6ec1efda7086,e80d8760-787e-48e9-85d4-798c4d156a7a,2026-01-06T23:35:25.663718+00:00,,,insufficient_data,low
cb6a9e84-4e44-4f4b-9b56-e572fd2e05df,e80d8760-787e-48e9-85d4-798c4d156a7a,2026-01-06T23:35:17.217808+00:00,,,insufficient_data,low
53331775-0cf0-49bd-9a3e-549cf17a1178,e80d8760-787e-48e9-85d4-798c4d156a7a,2026-01-06T23:34:59.482213+00:00,,,insufficient_data,low
02c85c5f-4cee-4eb6-867a-202d3ee4c487,e80d8760-787e-48e9-85d4-798c4d156a7a,2026-01-06T23:34:42.011755+00:00,,,insufficient_data,low
7c85a2d8-45d0-4325-874b-8e266144d210,e80d8760-787e-48e9-85d4-798c4d156a7a,2026-01-06T23:33:23.013115+00:00,,,insufficient_data,low
bed1319d-e480-47c0-bd29-63e73dfe2ee8,e80d8760-787e-48e9-85d4-798c4d156a7a,2026-01-06T23:33:14.571708+00:00,,,insufficient_data,low
3afd18df-15cd-4fe3-b25c-efa935bcbc47,e80d8760-787e-48e9-85d4-798c4d156a7a,2026-01-06T23:32:49.029267+00:00,,,insufficient_data,low
cb8e7878-8ebd-4ace-a1ad-374680c238bc,e80d8760-787e-48e9-85d4-798c4d156a7a,2026-01-06T23:31:47.955424+00:00,,,insufficient_data,low
94188cd1-fa5d-425c-9b7c-fafab18c4c60,e80d8760-787e-48e9-85d4-798c4d156a7a,2026-01-06T23:31:41.500009+00:00,,,insufficient_data,low
dc420338-8e5a-458d-9558-739d1e7b9ea4,e80d8760-787e-48e9-85d4-798c4d156a7a,2026-01-06T23:31:21.660993+00:00,,,insufficient_data,low
561a4ef6-5127-41b7-96da-ca05b7f320be,e80d8760-787e-48e9-85d4-798c4d156a7a,2026-01-06T23:42:04.400265+00:00,,,insufficient_data,low
f06e3ddd-0b8d-4f74-a50b-6cdd1ab02ae9,e80d8760-787e-48e9-85d4-798c4d156a7a,2026-01-06T23:46:00.076952+00:00,,,insufficient_data,low
10f5e186-3af8-4e49-9d90-3263b5403b96,e80d8760-787e-48e9-85d4-798c4d156a7a,2026-01-06T23:45:46.659852+00:00,,,insufficient_data,low
629cc2f0-857b-4fdb-ac4c-d75db8df00a5,e80d8760-787e-48e9-85d4-798c4d156a7a,2026-01-06T23:44:50.533727+00:00,,,insufficient_data,low
d4994562-e7b5-4403-b8a0-3792a7a76fdc,e80d8760-787e-48e9-85d4-798c4d156a7a,2026-01-06T23:45:07.038016+00:00,,,insufficient_data,low
1c4459c6-8f03-42fe-b5a6-e61b48681320,e80d8760-787e-48e9-85d4-798c4d156a7a,2026-01-06T23:44:53.991795+00:00,,,insufficient_data,low
891ff3f8-d04e-408e-b4dc-43e94ef52427,e80d8760-787e-48e9-85d4-798c4d156a7a,2026-01-06T23:44:50.789462+00:00,,,insufficient_data,low
a3263f44-11c3-401a-bf1b-85833380bc87,e80d8760-787e-48e9-85d4-798c4d156a7a,2026-01-06T23:44:41.780203+00:00,,,insufficient_data,low
cc811ff6-a77d-4093-a19a-7c207db801ed,e80d8760-787e-48e9-85d4-798c4d156a7a,2026-01-06T23:44:37.078947+00:00,,,insufficient_data,low
1fad92f2-5ca5-4022-8293-d623021e9940,e80d8760-787e-48e9-85d4-798c4d156a7a,2026-01-06T23:43:49.431879+00:00,,,insufficient_data,low
88fbcea6-b32c-4d54-a23d-94492990b3de,e80d8760-787e-48e9-85d4-798c4d156a7a,2026-01-06T23:43:31.248945+00:00,,,insufficient_data,low
497e9609-0dd3-4dc6-b310-01f95d7c65ce,e80d8760-787e-48e9-85d4-798c4d156a7a,2026-01-06T23:43:12.111552+00:00,,,insufficient_data,low
7cf8a134-0f1a-4300-aa85-dc96b8add450,e80d8760-787e-48e9-85d4-798c4d156a7a,2026-01-06T23:42:32.982554+00:00,,,insufficient_data,low
7ed1bb4a-7018-4806-abf0-d3efe3ba7d0c,e80d8760-787e-48e9-85d4-798c4d156a7a,2026-01-06T23:42:07.474134+00:00,,,insufficient_data,low
af61e369-7769-4136-acaf-d97426b5e936,f91a1311-6be2-4c33-b265-94c42c1ef9d6,2026-01-07T07:08:34.358891+00:00,,,insufficient_data,low
7015807d-4778-4f81-975d-3415dbed33fc,e80d8760-787e-48e9-85d4-798c4d156a7a,2026-01-06T23:41:40.852433+00:00,,,insufficient_data,low
3f77a40b-7511-4981-a54c-2eff22ab59c6,e80d8760-787e-48e9-85d4-798c4d156a7a,2026-01-06T23:41:09.691987+00:00,,,insufficient_data,low
128f1afb-6352-4b2e-a6ad-b83a8807174a,e80d8760-787e-48e9-85d4-798c4d156a7a,2026-01-06T23:40:34.663453+00:00,,,insufficient_data,low
b55e0ae9-574e-47e0-964e-8c88d6c7f308,e80d8760-787e-48e9-85d4-798c4d156a7a,2026-01-06T23:39:38.957007+00:00,,,insufficient_data,low
a30af396-a550-4cc1-b880-cb6fc2544ad9,e80d8760-787e-48e9-85d4-798c4d156a7a,2026-01-06T23:39:17.513272+00:00,,,insufficient_data,low
695272d3-77b3-402d-8b84-30adf9665994,e80d8760-787e-48e9-85d4-798c4d156a7a,2026-01-06T23:40:24.866777+00:00,,,insufficient_data,low
37ce53f7-e1dc-4bef-bac3-fe482ce16243,e80d8760-787e-48e9-85d4-798c4d156a7a,2026-01-06T23:38:57.485017+00:00,,,insufficient_data,low
ed60e703-81d3-481e-a356-eaee3fffcdc8,e80d8760-787e-48e9-85d4-798c4d156a7a,2026-01-06T23:38:53.815413+00:00,,,insufficient_data,low
6c9f9d2d-bd27-408d-8a2c-866d9742e2af,e80d8760-787e-48e9-85d4-798c4d156a7a,2026-01-06T23:38:48.193724+00:00,,,insufficient_data,low
f3957a83-6222-43c7-971c-902f97279ce1,e80d8760-787e-48e9-85d4-798c4d156a7a,2026-01-06T23:43:36.866718+00:00,,,insufficient_data,low
8b6985c4-2d97-4c9b-abea-4ce7031f2da8,f91a1311-6be2-4c33-b265-94c42c1ef9d6,2026-01-07T07:08:34.358891+00:00,,,insufficient_data,low
9adf2e14-5d57-4eb4-a199-3668958ead31,f91a1311-6be2-4c33-b265-94c42c1ef9d6,2026-01-07T07:08:34.358891+00:00,,,insufficient_data,low
29bacdc7-0a58-4590-b83e-e8bbce655963,f91a1311-6be2-4c33-b265-94c42c1ef9d6,2026-01-07T07:08:34.358891+00:00,,,insufficient_data,low
0817614a-4e8c-44c1-a431-56bbf1807a36,f91a1311-6be2-4c33-b265-94c42c1ef9d6,2026-01-07T07:08:34.358891+00:00,,,insufficient_data,low
e3afbcba-4053-4346-8c90-9d72ef3e9756,f91a1311-6be2-4c33-b265-94c42c1ef9d6,2026-01-07T07:08:34.358891+00:00,,,insufficient_data,low
8816b6dd-e99a-465c-ab4e-935b874116f7,f91a1311-6be2-4c33-b265-94c42c1ef9d6,2026-01-07T07:08:34.358891+00:00,,,insufficient_data,low
f42cc225-2286-425f-8aef-aef8374df9fd,e80d8760-787e-48e9-85d4-798c4d156a7a,2026-01-06T23:48:42.341757+00:00,,,insufficient_data,low
398869f7-390e-4038-9177-098eaff450e0,e80d8760-787e-48e9-85d4-798c4d156a7a,2026-01-06T23:49:28.536128+00:00,,,insufficient_data,low
5a5093b5-3f48-4f92-873d-2aa621fa38e3,e80d8760-787e-48e9-85d4-798c4d156a7a,2026-01-06T23:48:50.570015+00:00,,,insufficient_data,low
4a098056-1d8b-436c-8781-a5f0ba622a7a,e80d8760-787e-48e9-85d4-798c4d156a7a,2026-01-06T23:48:46.251548+00:00,,,insufficient_data,low
ec51d07a-9cd6-495d-8f3b-d516afe2c3ea,e80d8760-787e-48e9-85d4-798c4d156a7a,2026-01-06T23:48:42.142669+00:00,,,insufficient_data,low
ee5bafab-5c43-4f5e-a988-7401dfec83d7,e80d8760-787e-48e9-85d4-798c4d156a7a,2026-01-06T23:48:37.290704+00:00,,,insufficient_data,low
47cb8a38-73c0-48b3-bc26-2e440b88afcb,e80d8760-787e-48e9-85d4-798c4d156a7a,2026-01-06T23:48:24.327277+00:00,,,insufficient_data,low
6d042d7b-4d4e-44e3-bbad-cb3e0dfdecf4,e80d8760-787e-48e9-85d4-798c4d156a7a,2026-01-06T23:48:16.712166+00:00,,,insufficient_data,low
9c73d479-7174-4c46-85d0-c01b0008c8f9,e80d8760-787e-48e9-85d4-798c4d156a7a,2026-01-06T23:47:58.197959+00:00,,,insufficient_data,low
fe620f40-db49-4c2c-840a-56f7a68eb9c6,e80d8760-787e-48e9-85d4-798c4d156a7a,2026-01-06T23:47:44.755051+00:00,,,insufficient_data,low
9f8a69c7-b187-4f0f-aae2-2688373e4148,e80d8760-787e-48e9-85d4-798c4d156a7a,2026-01-06T23:47:27.569507+00:00,,,insufficient_data,low
9e5b4c9c-1a30-4211-95fe-e342d7a2c82b,e80d8760-787e-48e9-85d4-798c4d156a7a,2026-01-06T23:46:27.192658+00:00,,,insufficient_data,low
f549616a-105f-4668-a4f7-3e70d50f1578,e80d8760-787e-48e9-85d4-798c4d156a7a,2026-01-06T23:45:59.596343+00:00,,,insufficient_data,low
dfcbc36d-d3a7-4f2e-b4d2-3faf2b4e4bab,e80d8760-787e-48e9-85d4-798c4d156a7a,2026-01-06T23:45:54.688121+00:00,,,insufficient_data,low
610ef570-6701-4955-bbfa-7b4a9e67c8b7,e80d8760-787e-48e9-85d4-798c4d156a7a,2026-01-06T23:44:38.930909+00:00,,,insufficient_data,low
560e8fc5-7a9f-4bfb-823b-586f8696e3ed,e80d8760-787e-48e9-85d4-798c4d156a7a,2026-01-06T23:45:08.065777+00:00,,,insufficient_data,low
8318af66-d9f1-4e89-9796-8e741150962a,e80d8760-787e-48e9-85d4-798c4d156a7a,2026-01-06T23:44:37.164194+00:00,,,insufficient_data,low
d1dd0175-939b-47aa-8d31-ba38d10190ad,e80d8760-787e-48e9-85d4-798c4d156a7a,2026-01-06T23:43:19.739823+00:00,,,insufficient_data,low
bfd6273f-4eb6-4860-a459-cd6e10bb33b9,e80d8760-787e-48e9-85d4-798c4d156a7a,2026-01-06T23:43:06.905399+00:00,,,insufficient_data,low
09b85243-b50e-4893-b2cb-c6c4ebd53089,e80d8760-787e-48e9-85d4-798c4d156a7a,2026-01-06T23:43:04.320713+00:00,,,insufficient_data,low
7b08122a-1a2d-41d8-9824-44f47c606115,e80d8760-787e-48e9-85d4-798c4d156a7a,2026-01-06T23:42:46.140463+00:00,,,insufficient_data,low
1601ebc8-f45e-4f27-aa66-dcb4078d5662,e80d8760-787e-48e9-85d4-798c4d156a7a,2026-01-06T23:42:29.800965+00:00,,,insufficient_data,low
2ef78fbe-f3db-4135-8f6d-a3acf3055000,e80d8760-787e-48e9-85d4-798c4d156a7a,2026-01-06T23:42:18.060451+00:00,,,insufficient_data,low
d017ecba-3101-4227-84a7-fb3d81d9358b,e80d8760-787e-48e9-85d4-798c4d156a7a,2026-01-06T23:42:06.909106+00:00,,,insufficient_data,low
b84f6cd2-f904-45e5-9509-9a0a7587c9eb,e80d8760-787e-48e9-85d4-798c4d156a7a,2026-01-06T23:41:53.954208+00:00,,,insufficient_data,low
364b5d9c-0567-48bd-8f6c-da50dd9371a4,e80d8760-787e-48e9-85d4-798c4d156a7a,2026-01-06T23:40:09.666948+00:00,,,insufficient_data,low
1c386668-00c2-4869-a811-76586aab91a9,e80d8760-787e-48e9-85d4-798c4d156a7a,2026-01-06T23:39:45.578881+00:00,,,insufficient_data,low
b39c1574-c20b-4e66-9b08-7d4e5b02644b,e80d8760-787e-48e9-85d4-798c4d156a7a,2026-01-06T23:39:30.869332+00:00,,,insufficient_data,low
6d16a1f6-c74a-4eeb-9a09-d994d2795589,e80d8760-787e-48e9-85d4-798c4d156a7a,2026-01-06T23:51:06.831312+00:00,,,insufficient_data,low
ccf9a357-1843-45de-b772-1cf47a8dc2f6,e80d8760-787e-48e9-85d4-798c4d156a7a,2026-01-06T23:51:33.381873+00:00,,,insufficient_data,low
33567990-eee7-4361-9cc1-cd2eb8f6de7e,e80d8760-787e-48e9-85d4-798c4d156a7a,2026-01-06T23:50:13.136107+00:00,,,insufficient_data,low
54e734ba-2fce-46e7-bf85-6cbc6eb18abf,e80d8760-787e-48e9-85d4-798c4d156a7a,2026-01-06T23:49:29.419296+00:00,,,insufficient_data,low
784fab7d-4ce6-4f21-8adf-2291fef091f0,e80d8760-787e-48e9-85d4-798c4d156a7a,2026-01-06T23:49:55.932666+00:00,,,insufficient_data,low
8ae8030f-a008-49f8-b603-e14ac774cbbe,e80d8760-787e-48e9-85d4-798c4d156a7a,2026-01-06T23:49:46.325796+00:00,,,insufficient_data,low
1d284f6d-f0bd-4d3c-b799-5620c256543b,e80d8760-787e-48e9-85d4-798c4d156a7a,2026-01-06T23:50:13.030008+00:00,,,insufficient_data,low
4d4674c1-532d-444f-bd63-b739b859b076,f91a1311-6be2-4c33-b265-94c42c1ef9d6,2026-01-07T07:08:34.358891+00:00,,,insufficient_data,low
6cb1d04e-42d8-4902-a28a-0e9ba18da6cd,f91a1311-6be2-4c33-b265-94c42c1ef9d6,2026-01-07T07:08:34.358891+00:00,,,insufficient_data,low
1cf09d37-c584-42f8-89d9-7820fb86eae9,f91a1311-6be2-4c33-b265-94c42c1ef9d6,2026-01-07T07:08:34.358891+00:00,,,insufficient_data,low
6fa573aa-2cfc-45ed-b2ec-e8949e5eab20,f91a1311-6be2-4c33-b265-94c42c1ef9d6,2026-01-07T07:08:34.358891+00:00,,,insufficient_data,low
74cc072e-4f90-4419-9695-8648fec2d3e1,f91a1311-6be2-4c33-b265-94c42c1ef9d6,2026-01-07T07:08:34.358891+00:00,,,insufficient_data,low
85dced2a-c7c3-4885-99a5-545ac24f7a3e,f91a1311-6be2-4c33-b265-94c42c1ef9d6,2026-01-07T07:08:34.358891+00:00,,,insufficient_data,low
28be4b92-3ee3-42b1-b559-0e7306eab3a1,f91a1311-6be2-4c33-b265-94c42c1ef9d6,2026-01-07T07:08:34.358891+00:00,,,insufficient_data,low
e6aa199f-a226-49ff-8256-1342e1ea10d6,f91a1311-6be2-4c33-b265-94c42c1ef9d6,2026-01-07T07:08:34.358891+00:00,,,insufficient_data,low
92b857cb-8c06-4cfa-818d-a0d7eb8a930c,f91a1311-6be2-4c33-b265-94c42c1ef9d6,2026-01-07T07:08:34.358891+00:00,,,insufficient_data,low
22d66d0b-6576-476d-9798-89ba5216c090,f91a1311-6be2-4c33-b265-94c42c1ef9d6,2026-01-07T07:08:34.358891+00:00,,,insufficient_data,low
b4d9bc34-b605-4a89-a0b9-a4151c09bfa2,f91a1311-6be2-4c33-b265-94c42c1ef9d6,2026-01-07T07:08:34.358891+00:00,,,insufficient_data,low
776843d5-97f5-4679-82a8-839758b6ff7c,f91a1311-6be2-4c33-b265-94c42c1ef9d6,2026-01-07T07:08:34.358891+00:00,,,insufficient_data,low
0fd6f2d5-7ab7-4d88-bc0a-0633e220824b,f91a1311-6be2-4c33-b265-94c42c1ef9d6,2026-01-07T07:08:34.358891+00:00,,,insufficient_data,low
7836dc47-c8ff-4958-930a-b95310257983,f91a1311-6be2-4c33-b265-94c42c1ef9d6,2026-01-07T07:08:34.358891+00:00,,,insufficient_data,low
c3d0fdcd-f083-4bfa-af9a-b8fffc8debcd,f91a1311-6be2-4c33-b265-94c42c1ef9d6,2026-01-07T07:08:34.358891+00:00,,,insufficient_data,low
18f7bf93-33cf-4de7-9c79-5e1a817dba76,f91a1311-6be2-4c33-b265-94c42c1ef9d6,2026-01-07T07:08:34.358891+00:00,,,insufficient_data,low
14fb50f7-883d-42a6-8f35-e23c1e1fe9d9,f91a1311-6be2-4c33-b265-94c42c1ef9d6,2026-01-07T07:08:34.358891+00:00,,,insufficient_data,low
12884e0d-926f-4c03-a602-446af4d081d1,f91a1311-6be2-4c33-b265-94c42c1ef9d6,2026-01-07T07:08:34.358891+00:00,,,insufficient_data,low
703cf2d5-051c-478e-808e-7d36e7ba8e11,f91a1311-6be2-4c33-b265-94c42c1ef9d6,2026-01-07T07:08:34.358891+00:00,,,insufficient_data,low
b8adbdd8-75cf-42a0-b1e8-6873411e39ec,f91a1311-6be2-4c33-b265-94c42c1ef9d6,2026-01-07T07:08:34.358891+00:00,,,insufficient_data,low
22984104-f09e-43d2-9062-6e91070f93fa,f91a1311-6be2-4c33-b265-94c42c1ef9d6,2026-01-07T07:08:34.358891+00:00,,,insufficient_data,low
234fb31d-71b3-40ac-a86f-ff615ee13ace,e80d8760-787e-48e9-85d4-798c4d156a7a,2026-01-06T23:52:11.064704+00:00,,,insufficient_data,low
e38d110a-c3c6-4a4b-8978-c3bda352aa7c,e80d8760-787e-48e9-85d4-798c4d156a7a,2026-01-06T23:50:17.456855+00:00,,,insufficient_data,low
11ea2366-9c77-4cb7-b4a3-e6af915207b4,e80d8760-787e-48e9-85d4-798c4d156a7a,2026-01-06T23:49:19.346485+00:00,,,insufficient_data,low
9faea1b1-723e-459a-8132-951b9ca4b9f5,e80d8760-787e-48e9-85d4-798c4d156a7a,2026-01-06T23:49:55.418953+00:00,,,insufficient_data,low
f83c3127-7794-4f65-b065-13e2c9836c82,e80d8760-787e-48e9-85d4-798c4d156a7a,2026-01-06T23:49:38.354892+00:00,,,insufficient_data,low
9a435519-0509-4b12-adbc-1bede819579a,e80d8760-787e-48e9-85d4-798c4d156a7a,2026-01-06T23:48:05.204052+00:00,,,insufficient_data,low
017a9806-622f-42ab-8f03-70004806b8ab,e80d8760-787e-48e9-85d4-798c4d156a7a,2026-01-06T23:43:46.058859+00:00,,,insufficient_data,low
c676bbf0-d58b-4d04-be8e-c5fc4ea6c332,e80d8760-787e-48e9-85d4-798c4d156a7a,2026-01-06T23:40:45.648045+00:00,,,insufficient_data,low
338d35fd-a1e7-48a4-b1e3-a8b815627dea,e80d8760-787e-48e9-85d4-798c4d156a7a,2026-01-06T23:39:06.071046+00:00,,,insufficient_data,low
7329a4c9-c865-4b57-b439-bda81d067acf,e80d8760-787e-48e9-85d4-798c4d156a7a,2026-01-06T23:38:43.467221+00:00,,,insufficient_data,low
7ebec486-6f92-4dc5-8477-f0151d702d8a,e80d8760-787e-48e9-85d4-798c4d156a7a,2026-01-06T23:36:18.836488+00:00,,,insufficient_data,low
e8995fa2-f96a-4650-89e5-51dbdc331f43,e80d8760-787e-48e9-85d4-798c4d156a7a,2026-01-06T23:34:02.719398+00:00,,,insufficient_data,low
7bcbd002-7d23-4761-99dc-783dec7fdbc3,e80d8760-787e-48e9-85d4-798c4d156a7a,2026-01-06T23:30:38.876568+00:00,,,insufficient_data,low
cac51a5d-8160-4a3d-abc9-3bd5c5da8786,e80d8760-787e-48e9-85d4-798c4d156a7a,2026-01-06T23:26:59.835954+00:00,,,insufficient_data,low
c54b4bab-54f3-45a0-8d7b-f1d859eec2b1,e80d8760-787e-48e9-85d4-798c4d156a7a,2026-01-06T23:24:01.505422+00:00,,,insufficient_data,low
9f815354-1a36-4883-982b-7a733bf86760,e80d8760-787e-48e9-85d4-798c4d156a7a,2026-01-06T23:20:03.705127+00:00,,,insufficient_data,low
a5d5194f-1b4f-4180-85af-95467a5ee746,e80d8760-787e-48e9-85d4-798c4d156a7a,2026-01-06T23:19:49.362647+00:00,,,insufficient_data,low
0d5bcc51-d48e-42f1-a814-04db2e4159b2,e80d8760-787e-48e9-85d4-798c4d156a7a,2026-01-06T23:19:06.782569+00:00,,,insufficient_data,low
c1570376-196d-4e6e-80c7-99af39b3a330,e80d8760-787e-48e9-85d4-798c4d156a7a,2026-01-06T23:16:37.809985+00:00,,,insufficient_data,low
d3dfc6c5-69f9-44ec-9913-4d093c198db1,e80d8760-787e-48e9-85d4-798c4d156a7a,2026-01-06T23:13:34.559507+00:00,,,insufficient_data,low
847bcca7-5173-42db-8b09-c1f2f04df7ca,e80d8760-787e-48e9-85d4-798c4d156a7a,2026-01-06T23:11:40.245904+00:00,,,insufficient_data,low
60433631-de47-4e64-82fe-b413d8e1dd1b,e80d8760-787e-48e9-85d4-798c4d156a7a,2026-01-07T01:25:21.817555+00:00,,,insufficient_data,low
4f183022-1c51-4c79-b05d-b2146cc44201,e80d8760-787e-48e9-85d4-798c4d156a7a,2026-01-07T01:24:49.515553+00:00,,,insufficient_data,low
2fe798ba-971a-43db-8025-e693faa33d02,e80d8760-787e-48e9-85d4-798c4d156a7a,2026-01-07T01:25:17.47042+00:00,,,insufficient_data,low
696a9cdb-ffba-4bab-a4d5-d8eefe8d0405,e80d8760-787e-48e9-85d4-798c4d156a7a,2026-01-07T01:23:50.506493+00:00,,,insufficient_data,low
30a9913a-671c-498f-b553-3d8051019b0f,e80d8760-787e-48e9-85d4-798c4d156a7a,2026-01-07T00:26:22.675913+00:00,,,insufficient_data,low
cc6013d3-a0fe-48bf-a76c-49fef2f15cc3,f91a1311-6be2-4c33-b265-94c42c1ef9d6,2026-01-07T07:08:34.358891+00:00,,,insufficient_data,low
e840bcc5-0781-4dc3-a754-6a7f05731783,f91a1311-6be2-4c33-b265-94c42c1ef9d6,2026-01-07T07:08:34.358891+00:00,,,insufficient_data,low
d3b5e35e-e170-4622-90b5-06ad2c783e29,f91a1311-6be2-4c33-b265-94c42c1ef9d6,2026-01-07T07:08:34.358891+00:00,,,insufficient_data,low
8579fb97-e81b-4416-b459-7d3ece930292,e80d8760-787e-48e9-85d4-798c4d156a7a,2026-01-07T01:27:04.231052+00:00,,,insufficient_data,low
b9f39353-0e23-4a3e-b2cf-96b7cefb2add,e80d8760-787e-48e9-85d4-798c4d156a7a,2026-01-07T01:26:35.723475+00:00,,,insufficient_data,low
c8f7b584-760c-4022-aea6-2590f49cfcb0,e80d8760-787e-48e9-85d4-798c4d156a7a,2026-01-07T01:25:45.203391+00:00,,,insufficient_data,low
101a5f3f-fcd8-42d8-b336-33a9dac7934e,e80d8760-787e-48e9-85d4-798c4d156a7a,2026-01-07T01:25:30.187833+00:00,,,insufficient_data,low
b5999922-65a2-4305-957b-e7f205a68c23,f91a1311-6be2-4c33-b265-94c42c1ef9d6,2026-01-07T07:08:34.358891+00:00,,,insufficient_data,low
6c4b0592-c9eb-4fbf-a555-e098b1c2f7a9,f91a1311-6be2-4c33-b265-94c42c1ef9d6,2026-01-07T07:08:34.358891+00:00,,,insufficient_data,low
2e35c4c3-3b64-4595-8998-2bc4454cf50f,e80d8760-787e-48e9-85d4-798c4d156a7a,2026-01-16T04:32:55.010633+00:00,,,insufficient_data,low
cd32a1d5-467a-4a8d-803e-94ef3441e26e,bef33b11-fe0f-4361-a1c9-cbb966f14e12,2026-01-19T08:46:10.30527+00:00,,,insufficient_data,low
204b73d6-3417-4721-ae42-26ff616628f2,bef33b11-fe0f-4361-a1c9-cbb966f14e12,2026-01-20T11:19:16.588724+00:00,,,insufficient_data,low
e7f29676-ead7-49d1-9acd-2d018140593b,bef33b11-fe0f-4361-a1c9-cbb966f14e12,2026-01-21T05:07:16.379337+00:00,,,insufficient_data,low
0155ad29-3f91-46c8-aa52-8b9caa4cb20b,3a88682e-6fab-463c-8328-6b403c8c5c7a,2026-01-27T09:07:45.127184+00:00,,,insufficient_data,low
12dc79e6-b78a-4e59-b25b-dc940d2b0727,3a88682e-6fab-463c-8328-6b403c8c5c7a,2026-01-27T23:15:51.281091+00:00,,,insufficient_data,low
6039b13b-c895-45fb-8919-94d609578294,3a88682e-6fab-463c-8328-6b403c8c5c7a,2026-01-27T23:21:18.825309+00:00,,,insufficient_data,low
95500ca4-ca09-4ea9-b087-e3935f4fcd88,3a88682e-6fab-463c-8328-6b403c8c5c7a,2026-01-27T23:27:09.272098+00:00,,,insufficient_data,low
eb68052a-f78b-4fe4-b218-aee13a50ca13,3a88682e-6fab-463c-8328-6b403c8c5c7a,2026-01-27T23:47:53.585937+00:00,,,insufficient_data,low
fcbb998f-2edf-4b7f-97b6-76aa1c1bfc39,3a88682e-6fab-463c-8328-6b403c8c5c7a,2026-01-28T00:01:02.677683+00:00,,,insufficient_data,low
2e612e16-7138-4a5e-ba86-4c680ef8ae55,3a88682e-6fab-463c-8328-6b403c8c5c7a,2026-01-28T00:09:14.321713+00:00,,,insufficient_data,low
249e4b8f-eff3-4edc-b67d-19a72655b0a5,3a88682e-6fab-463c-8328-6b403c8c5c7a,2026-01-28T00:22:19.751539+00:00,,,insufficient_data,low
3a5df3ab-0bbb-4bb8-bb6b-e5088f046efc,3a88682e-6fab-463c-8328-6b403c8c5c7a,2026-01-28T00:39:50.385612+00:00,,,insufficient_data,low
222aa80a-0bdb-4180-880c-f58738a810f5,3a88682e-6fab-463c-8328-6b403c8c5c7a,2026-01-28T00:43:25.974472+00:00,,,insufficient_data,low
c495f087-37a0-48e3-ae54-502a3fae5c03,3a88682e-6fab-463c-8328-6b403c8c5c7a,2026-01-28T00:47:10.235436+00:00,,,insufficient_data,low
3c42c6c2-f860-40aa-8e35-aac3c64bf99a,3a88682e-6fab-463c-8328-6b403c8c5c7a,2026-01-28T00:57:03.676254+00:00,,,insufficient_data,low
c098f6cf-fafd-4e5b-84b1-411c8597cb22,e80d8760-787e-48e9-85d4-798c4d156a7a,2026-01-07T01:27:00.569499+00:00,,,insufficient_data,low
0ec1faf2-ca99-4815-b14e-bd5ab941207e,e80d8760-787e-48e9-85d4-798c4d156a7a,2026-01-07T01:25:39.669412+00:00,,,insufficient_data,low
8c72ef50-a8d0-4287-91b8-e8db1b328209,e80d8760-787e-48e9-85d4-798c4d156a7a,2026-01-07T01:25:51.43529+00:00,,,insufficient_data,low
c2733a2e-ff6c-4208-a0e9-775f02a67cda,e80d8760-787e-48e9-85d4-798c4d156a7a,2026-01-07T02:18:14.484867+00:00,,,insufficient_data,low
537a82f3-34ac-41ba-88a8-39cc3af096cf,e80d8760-787e-48e9-85d4-798c4d156a7a,2026-01-07T02:22:32.300232+00:00,,,insufficient_data,low
c33d2176-b5f0-45e4-bf36-b6b4d8609a88,e80d8760-787e-48e9-85d4-798c4d156a7a,2026-01-07T02:18:52.594971+00:00,,,insufficient_data,low
871870a0-4f8b-4491-9cfe-a3137eeca39e,e80d8760-787e-48e9-85d4-798c4d156a7a,2026-01-07T02:18:47.195841+00:00,,,insufficient_data,low
b2d77a9c-bf42-4ff2-ae23-51915c80c0f4,e80d8760-787e-48e9-85d4-798c4d156a7a,2026-01-07T02:18:41.564213+00:00,,,insufficient_data,low
9233bdcc-1854-4c65-aa49-d2dec26cf1c2,e80d8760-787e-48e9-85d4-798c4d156a7a,2026-01-07T02:18:37.326423+00:00,,,insufficient_data,low
39c2a6ed-9c90-49ba-9df2-d54247a17a06,e80d8760-787e-48e9-85d4-798c4d156a7a,2026-01-07T02:18:37.253219+00:00,,,insufficient_data,low
19a244e6-7ad4-4070-969a-aa06b4ddca1e,e80d8760-787e-48e9-85d4-798c4d156a7a,2026-01-07T02:18:35.399265+00:00,,,insufficient_data,low
98e20bec-aa70-478a-b51f-d8a0af46ff53,e80d8760-787e-48e9-85d4-798c4d156a7a,2026-01-07T02:18:32.903536+00:00,,,insufficient_data,low
a5716ea0-2d05-4bb6-a6c2-f26964fdec47,e80d8760-787e-48e9-85d4-798c4d156a7a,2026-01-07T02:18:13.48493+00:00,,,insufficient_data,low
835f9588-70f2-4db7-ac00-086d64aa5602,e80d8760-787e-48e9-85d4-798c4d156a7a,2026-01-07T02:22:36.767896+00:00,,,insufficient_data,low
ec531014-14f3-4ae7-ac79-32a73d0a841d,e80d8760-787e-48e9-85d4-798c4d156a7a,2026-01-07T02:22:34.708683+00:00,,,insufficient_data,low
fcff24c8-1b26-4073-8b6d-a3557b2fcd0d,e80d8760-787e-48e9-85d4-798c4d156a7a,2026-01-07T02:22:21.779545+00:00,,,insufficient_data,low
1d41caa5-ece5-46ef-8507-571d1be68670,e80d8760-787e-48e9-85d4-798c4d156a7a,2026-01-07T02:22:02.876995+00:00,,,insufficient_data,low
a39a2570-0b7a-4b51-b94e-8b698f74136d,e80d8760-787e-48e9-85d4-798c4d156a7a,2026-01-07T02:21:29.820134+00:00,,,insufficient_data,low
5d2c3a4b-3ea0-499a-9a87-c18d0eb054f3,e80d8760-787e-48e9-85d4-798c4d156a7a,2026-01-07T02:21:07.257899+00:00,,,insufficient_data,low
c30ec719-8d85-4804-beb7-b4b10e0ee72d,e80d8760-787e-48e9-85d4-798c4d156a7a,2026-01-07T02:20:45.012653+00:00,,,insufficient_data,low
440798f4-420e-4703-a541-6e131ffbc170,e80d8760-787e-48e9-85d4-798c4d156a7a,2026-01-07T02:19:50.416606+00:00,,,insufficient_data,low
a1bd23e6-9c8c-4efe-9b51-bc6b47199864,e80d8760-787e-48e9-85d4-798c4d156a7a,2026-01-07T02:19:47.895837+00:00,,,insufficient_data,low
f2b51439-562e-42a4-862c-3a0b74f3d8db,e80d8760-787e-48e9-85d4-798c4d156a7a,2026-01-07T02:19:47.767929+00:00,,,insufficient_data,low
41b57762-56cd-46c3-a9c3-0e5bb5d567df,e80d8760-787e-48e9-85d4-798c4d156a7a,2026-01-07T02:19:41.025968+00:00,,,insufficient_data,low
69889e18-550c-4f28-9ea4-e0ee2d7c7040,e80d8760-787e-48e9-85d4-798c4d156a7a,2026-01-07T02:19:39.653565+00:00,,,insufficient_data,low
79ebb6ac-6429-4be1-be2a-b5e3375217b1,e80d8760-787e-48e9-85d4-798c4d156a7a,2026-01-07T02:19:29.695664+00:00,,,insufficient_data,low
11f8352c-57e3-421e-9c3c-8e63dcf301ef,e80d8760-787e-48e9-85d4-798c4d156a7a,2026-01-07T02:19:23.149256+00:00,,,insufficient_data,low
97780b44-e8df-4be2-b9bb-9e6081023caa,e80d8760-787e-48e9-85d4-798c4d156a7a,2026-01-07T02:19:21.04368+00:00,,,insufficient_data,low
61bbc7d5-84e0-43a0-ba4d-bbef49e9a7bd,e80d8760-787e-48e9-85d4-798c4d156a7a,2026-01-07T02:18:08.385287+00:00,,,insufficient_data,low
6fe0595c-a0ac-44a2-b123-5c84ceccee71,e80d8760-787e-48e9-85d4-798c4d156a7a,2026-01-07T02:31:39.781369+00:00,,,insufficient_data,low
f65ce067-568f-4e28-b0a0-3be60f2fd765,e80d8760-787e-48e9-85d4-798c4d156a7a,2026-01-07T02:31:19.824371+00:00,,,insufficient_data,low
49609f49-3faa-4ec6-8521-6776bc2ca48b,e80d8760-787e-48e9-85d4-798c4d156a7a,2026-01-07T02:31:01.408252+00:00,,,insufficient_data,low
40c98c63-ad19-48e6-8599-d49f42aea8b3,e80d8760-787e-48e9-85d4-798c4d156a7a,2026-01-07T02:30:12.606718+00:00,,,insufficient_data,low
6a84de72-ba24-4bbc-bd4b-286fb0fff45b,e80d8760-787e-48e9-85d4-798c4d156a7a,2026-01-07T02:30:06.822613+00:00,,,insufficient_data,low
21a5bfd2-90c6-4b8a-b6db-8ffe5f812364,e80d8760-787e-48e9-85d4-798c4d156a7a,2026-01-07T02:29:24.663686+00:00,,,insufficient_data,low
613099e4-db0e-4c88-9c1e-560a04ae4649,e80d8760-787e-48e9-85d4-798c4d156a7a,2026-01-07T02:28:51.680769+00:00,,,insufficient_data,low
35e95a43-6d6e-47c7-a77c-5e02e3f71ade,e80d8760-787e-48e9-85d4-798c4d156a7a,2026-01-07T02:28:12.852181+00:00,,,insufficient_data,low
1bc9f64e-c01f-4112-962a-3a5e7885b5b6,e80d8760-787e-48e9-85d4-798c4d156a7a,2026-01-07T02:27:28.50312+00:00,,,insufficient_data,low
24f5ce6f-e055-4716-b5a0-5b6b20506db7,e80d8760-787e-48e9-85d4-798c4d156a7a,2026-01-07T02:26:33.323475+00:00,,,insufficient_data,low
a0fb6d31-4118-4cad-8481-2336d15c555c,e80d8760-787e-48e9-85d4-798c4d156a7a,2026-01-07T02:26:08.02356+00:00,,,insufficient_data,low
c97b19ab-ef92-4db3-a394-e4937bc70cf3,e80d8760-787e-48e9-85d4-798c4d156a7a,2026-01-07T02:25:15.793952+00:00,,,insufficient_data,low
a0a75b35-1fcb-4eb0-8a0c-39cafc7c5137,e80d8760-787e-48e9-85d4-798c4d156a7a,2026-01-07T02:25:04.067946+00:00,,,insufficient_data,low
783de994-ca84-4493-9120-217a0e7862e0,e80d8760-787e-48e9-85d4-798c4d156a7a,2026-01-07T02:24:12.752035+00:00,,,insufficient_data,low
315901c4-f6c8-40fa-852c-6ac93bab5464,e80d8760-787e-48e9-85d4-798c4d156a7a,2026-01-07T02:23:31.093178+00:00,,,insufficient_data,low
35f20820-5a1a-4723-9e95-489fa62aab3f,e80d8760-787e-48e9-85d4-798c4d156a7a,2026-01-07T02:23:21.591207+00:00,,,insufficient_data,low
3121c846-c4c9-4472-9ca8-63e4301a5414,e80d8760-787e-48e9-85d4-798c4d156a7a,2026-01-07T02:22:56.486474+00:00,,,insufficient_data,low
d1232387-1ffc-4317-a49f-524f02c63ffc,e80d8760-787e-48e9-85d4-798c4d156a7a,2026-01-07T02:22:52.088838+00:00,,,insufficient_data,low
bdd2a0d3-ce7f-45e3-8178-75e9aa668d63,3a88682e-6fab-463c-8328-6b403c8c5c7a,2026-01-27T23:23:14.54852+00:00,,,insufficient_data,low
12b1ff63-beba-4b70-8450-2dbf73d142ff,e80d8760-787e-48e9-85d4-798c4d156a7a,2026-01-06T23:50:39.275909+00:00,,,insufficient_data,low
828a7f2e-4ecc-4820-8e44-4dab995e0565,bef33b11-fe0f-4361-a1c9-cbb966f14e12,2026-01-20T07:22:52.148256+00:00,,,insufficient_data,low
93aa436c-3f95-468a-88b7-ed3ffce23628,bef33b11-fe0f-4361-a1c9-cbb966f14e12,2026-01-20T23:10:54.437651+00:00,,,insufficient_data,low
4e5e4a15-3680-480f-b188-d1443e5c8f55,bef33b11-fe0f-4361-a1c9-cbb966f14e12,2026-01-21T08:02:34.511775+00:00,,,insufficient_data,low
23fe363b-a1c9-4649-86f4-af18bcc42a4e,3a88682e-6fab-463c-8328-6b403c8c5c7a,2026-01-27T09:08:39.951377+00:00,,,insufficient_data,low
2d85189d-5fea-47e5-95e4-c22c297f6963,3a88682e-6fab-463c-8328-6b403c8c5c7a,2026-01-27T23:35:16.612634+00:00,,,insufficient_data,low
3cb23d57-8ecc-43c1-8c04-5930fd1a5b6a,3a88682e-6fab-463c-8328-6b403c8c5c7a,2026-01-27T23:53:41.145699+00:00,,,insufficient_data,low
be8b84f0-20c9-45f2-b801-c73a25044f0a,3a88682e-6fab-463c-8328-6b403c8c5c7a,2026-01-28T00:15:46.155479+00:00,,,insufficient_data,low
e78a352b-3734-4fad-968b-fd120a03c005,3a88682e-6fab-463c-8328-6b403c8c5c7a,2026-01-28T01:53:23.009287+00:00,,,insufficient_data,low
290cffa8-f850-4af5-97df-e2a103180b53,e80d8760-787e-48e9-85d4-798c4d156a7a,2026-01-07T02:18:03.208103+00:00,,,insufficient_data,low
25c272c1-b5fe-43c0-9448-2c7cf0a3d1e3,e80d8760-787e-48e9-85d4-798c4d156a7a,2026-01-07T02:31:51.676695+00:00,,,insufficient_data,low
ce95e568-e103-4f4f-a67b-6524534d4e40,e80d8760-787e-48e9-85d4-798c4d156a7a,2026-01-07T02:31:08.468973+00:00,,,insufficient_data,low
4381f97b-ef3f-4591-b26e-512fd1b84919,e80d8760-787e-48e9-85d4-798c4d156a7a,2026-01-07T02:38:37.279628+00:00,,,insufficient_data,low
c92f5696-fd8e-4daa-aedd-f79f90cb7785,e80d8760-787e-48e9-85d4-798c4d156a7a,2026-01-07T02:38:33.991552+00:00,,,insufficient_data,low
93a50199-5b15-4d62-848e-2369896e62a5,e80d8760-787e-48e9-85d4-798c4d156a7a,2026-01-07T02:38:32.93448+00:00,,,insufficient_data,low
69fefb51-e6ea-4a37-945e-34c642d0deae,e80d8760-787e-48e9-85d4-798c4d156a7a,2026-01-07T02:38:18.194843+00:00,,,insufficient_data,low
7541e235-10d6-4564-b5a8-6e902920c618,e80d8760-787e-48e9-85d4-798c4d156a7a,2026-01-07T02:37:23.997112+00:00,,,insufficient_data,low
a25bb4c8-ce90-4662-9b8a-b68407fe29b3,e80d8760-787e-48e9-85d4-798c4d156a7a,2026-01-07T02:37:22.052629+00:00,,,insufficient_data,low
04d0c98b-7dcc-4d98-b6bc-10cbdc9391a1,e80d8760-787e-48e9-85d4-798c4d156a7a,2026-01-07T02:36:58.910059+00:00,,,insufficient_data,low
741d204c-b68b-4a6b-b2fb-bdebd6fb9d75,e80d8760-787e-48e9-85d4-798c4d156a7a,2026-01-07T02:36:32.466246+00:00,,,insufficient_data,low
c94daf0e-6c47-48d7-9c8e-cb90696a5208,e80d8760-787e-48e9-85d4-798c4d156a7a,2026-01-07T02:36:23.938322+00:00,,,insufficient_data,low
26457944-a504-4dc4-b31a-c44b32c2d915,e80d8760-787e-48e9-85d4-798c4d156a7a,2026-01-07T02:36:19.490368+00:00,,,insufficient_data,low
63af16de-e411-4826-ba59-02e856eabb36,e80d8760-787e-48e9-85d4-798c4d156a7a,2026-01-07T02:35:35.385506+00:00,,,insufficient_data,low
82c904d6-1772-4195-b81f-ac38c8a79fea,e80d8760-787e-48e9-85d4-798c4d156a7a,2026-01-07T02:34:47.287752+00:00,,,insufficient_data,low
77d3e6a9-0ba0-40b7-b97e-870296872b87,e80d8760-787e-48e9-85d4-798c4d156a7a,2026-01-07T02:34:44.94583+00:00,,,insufficient_data,low
81eb2cc4-212a-44e7-b297-13a2bf0ae78d,e80d8760-787e-48e9-85d4-798c4d156a7a,2026-01-07T02:34:35.52504+00:00,,,insufficient_data,low
0f9d74b0-586f-42c5-b25a-2504c4410697,e80d8760-787e-48e9-85d4-798c4d156a7a,2026-01-07T02:30:07.736899+00:00,,,insufficient_data,low
1e5b3bd4-e37c-43de-b968-80ea368a11a4,e80d8760-787e-48e9-85d4-798c4d156a7a,2026-01-07T02:29:30.983891+00:00,,,insufficient_data,low
7991a307-04f9-4e14-93c5-6850d871ffca,e80d8760-787e-48e9-85d4-798c4d156a7a,2026-01-07T02:28:55.087071+00:00,,,insufficient_data,low
7b2c5912-2308-4078-9171-af35f14d2254,e80d8760-787e-48e9-85d4-798c4d156a7a,2026-01-07T02:28:46.741291+00:00,,,insufficient_data,low
2fa49225-d6b2-4f03-93f6-356f7473f297,e80d8760-787e-48e9-85d4-798c4d156a7a,2026-01-07T02:28:31.86001+00:00,,,insufficient_data,low
00f67a0d-9b3b-4217-bad8-5128cb56a944,e80d8760-787e-48e9-85d4-798c4d156a7a,2026-01-07T02:27:29.494094+00:00,,,insufficient_data,low
1195e67c-5cd7-4f8b-8150-154ccf57befe,e80d8760-787e-48e9-85d4-798c4d156a7a,2026-01-07T02:26:20.985417+00:00,,,insufficient_data,low
6557f8bf-85c9-4e62-ac16-a58c1db671a0,e80d8760-787e-48e9-85d4-798c4d156a7a,2026-01-07T02:26:20.18583+00:00,,,insufficient_data,low
604030a0-ab90-49a9-a273-c71ff9db8a63,e80d8760-787e-48e9-85d4-798c4d156a7a,2026-01-07T02:26:03.834556+00:00,,,insufficient_data,low
17cc90ee-266e-46c1-b29f-312d8e986a2d,e80d8760-787e-48e9-85d4-798c4d156a7a,2026-01-07T02:23:42.781559+00:00,,,insufficient_data,low
36c9089b-928e-4ca1-92cf-b994c9477055,e80d8760-787e-48e9-85d4-798c4d156a7a,2026-01-07T02:23:00.410885+00:00,,,insufficient_data,low
dbb6e5ab-a617-4a12-b9bd-69a36580d6b4,e80d8760-787e-48e9-85d4-798c4d156a7a,2026-01-07T02:22:56.511637+00:00,,,insufficient_data,low
e6fe2ec6-4858-4ab5-aa28-42258cb6a970,e80d8760-787e-48e9-85d4-798c4d156a7a,2026-01-07T02:44:03.383272+00:00,,,insufficient_data,low
66931cde-c4e9-45c4-a007-4f3abd69b6f9,e80d8760-787e-48e9-85d4-798c4d156a7a,2026-01-07T02:43:44.315064+00:00,,,insufficient_data,low
df2ee963-c2c1-4dfe-93dc-27078dd90066,e80d8760-787e-48e9-85d4-798c4d156a7a,2026-01-07T02:42:36.565539+00:00,,,insufficient_data,low
166413ba-dc23-4d2f-9c76-ab947bd18bee,e80d8760-787e-48e9-85d4-798c4d156a7a,2026-01-07T02:42:10.454285+00:00,,,insufficient_data,low
ddded7b5-0008-4cfa-b7a3-026dfdb3c1d1,e80d8760-787e-48e9-85d4-798c4d156a7a,2026-01-07T02:41:21.795739+00:00,,,insufficient_data,low
b2516f95-2a79-4d14-bb9a-b5cfdc90537d,e80d8760-787e-48e9-85d4-798c4d156a7a,2026-01-07T02:40:28.489579+00:00,,,insufficient_data,low
559488a9-d5bf-46f2-bea8-5fede250e99c,e80d8760-787e-48e9-85d4-798c4d156a7a,2026-01-07T02:40:04.451645+00:00,,,insufficient_data,low
1d083119-43d6-414e-9e47-88e66157088f,e80d8760-787e-48e9-85d4-798c4d156a7a,2026-01-07T02:39:40.105361+00:00,,,insufficient_data,low
5bb41749-ccfd-49b5-aa2e-368710abb866,e80d8760-787e-48e9-85d4-798c4d156a7a,2026-01-07T02:39:13.934358+00:00,,,insufficient_data,low
05f73d32-205c-4bd8-8098-5dff2fd11c0c,e80d8760-787e-48e9-85d4-798c4d156a7a,2026-01-07T02:38:56.163957+00:00,,,insufficient_data,low
43c6da80-cb2a-403e-a319-f365e0aee341,e80d8760-787e-48e9-85d4-798c4d156a7a,2026-01-07T02:38:51.01197+00:00,,,insufficient_data,low
d49a8fe6-561b-4745-ad14-35106d6915a3,e80d8760-787e-48e9-85d4-798c4d156a7a,2026-01-06T23:43:35.920051+00:00,,,insufficient_data,low
5dc475c8-4ef2-4d13-b0af-00f2ba90b6cb,bef33b11-fe0f-4361-a1c9-cbb966f14e12,2026-01-19T07:44:59.075156+00:00,,,insufficient_data,low
f6c4bdcf-539e-4aed-b652-2f0748a65fc8,bef33b11-fe0f-4361-a1c9-cbb966f14e12,2026-01-20T10:54:37.507472+00:00,,,insufficient_data,low
66810d8f-f46c-443a-82b0-1e1e3fbd8593,bef33b11-fe0f-4361-a1c9-cbb966f14e12,2026-01-20T23:13:17.777455+00:00,,,insufficient_data,low
cb05bee6-dfad-4aba-a5e0-febc513df774,bef33b11-fe0f-4361-a1c9-cbb966f14e12,2026-01-21T08:04:28.180798+00:00,,,insufficient_data,low
957bad6d-0860-4b42-8edd-c93e8010f52a,3a88682e-6fab-463c-8328-6b403c8c5c7a,2026-01-27T09:10:27.869003+00:00,,,insufficient_data,low
a43b684e-62c8-47d2-8251-a5ee9b8c747b,3a88682e-6fab-463c-8328-6b403c8c5c7a,2026-01-27T23:24:57.698203+00:00,,,insufficient_data,low
53ec0346-4cdf-463d-8282-b4023dcb59c0,3a88682e-6fab-463c-8328-6b403c8c5c7a,2026-01-27T23:29:28.387735+00:00,,,insufficient_data,low
33949ad5-c0f1-4a49-8e45-052a2106fec2,3a88682e-6fab-463c-8328-6b403c8c5c7a,2026-01-27T23:37:07.397928+00:00,,,insufficient_data,low
43c27eda-5e9b-4c58-8825-d368fca5f754,3a88682e-6fab-463c-8328-6b403c8c5c7a,2026-01-27T23:59:06.066833+00:00,,,insufficient_data,low
d94f4e34-ad1c-4218-9177-04323451ebb9,3a88682e-6fab-463c-8328-6b403c8c5c7a,2026-01-28T00:07:00.118138+00:00,,,insufficient_data,low
b144d3d7-c9e2-4b86-86ad-95246ffefa32,3a88682e-6fab-463c-8328-6b403c8c5c7a,2026-01-28T00:15:46.220139+00:00,,,insufficient_data,low
a0795231-15ce-4a9a-8db2-9387e3fc0ac8,3a88682e-6fab-463c-8328-6b403c8c5c7a,2026-01-28T00:25:10.389385+00:00,,,insufficient_data,low
5b19e9f6-51ad-4c32-8c04-682af33ea7cb,e80d8760-787e-48e9-85d4-798c4d156a7a,2026-01-07T02:49:54.259759+00:00,,,insufficient_data,low
dc47bc73-38d1-406f-a546-955f3775ea73,e80d8760-787e-48e9-85d4-798c4d156a7a,2026-01-07T02:47:40.636227+00:00,,,insufficient_data,low
8199fd6f-f2be-4ae6-8c97-b69bdb9bc2e2,e80d8760-787e-48e9-85d4-798c4d156a7a,2026-01-07T02:47:39.30326+00:00,,,insufficient_data,low
4ffc0aa1-54cb-4ee9-8be0-1bd23a507250,e80d8760-787e-48e9-85d4-798c4d156a7a,2026-01-07T02:46:25.181242+00:00,,,insufficient_data,low
60c0c8c8-0cf8-4f8b-a018-79f92c79eec7,e80d8760-787e-48e9-85d4-798c4d156a7a,2026-01-07T02:46:04.692001+00:00,,,insufficient_data,low
bd76539e-075a-42ac-89ec-d9e694454cde,3a88682e-6fab-463c-8328-6b403c8c5c7a,2026-01-27T23:26:30.173118+00:00,,,insufficient_data,low
8bfb6691-6cdf-4a7d-bac8-608ae455e7a5,e80d8760-787e-48e9-85d4-798c4d156a7a,2026-01-07T02:45:43.933369+00:00,,,insufficient_data,low
1c382b09-5828-44cc-bd15-310330667612,e80d8760-787e-48e9-85d4-798c4d156a7a,2026-01-07T02:44:08.311308+00:00,,,insufficient_data,low
c4902d0e-1c20-4489-ab30-a6f3736783c3,e80d8760-787e-48e9-85d4-798c4d156a7a,2026-01-07T02:44:02.632796+00:00,,,insufficient_data,low
bd1f3011-0a7b-446f-b9d5-4021118478a3,e80d8760-787e-48e9-85d4-798c4d156a7a,2026-01-07T02:42:10.875562+00:00,,,insufficient_data,low
d28e939b-74a3-4ec0-96dc-1089c2acf56d,e80d8760-787e-48e9-85d4-798c4d156a7a,2026-01-07T02:41:47.915943+00:00,,,insufficient_data,low
c41d3124-1665-437e-abaa-726aa583cf23,e80d8760-787e-48e9-85d4-798c4d156a7a,2026-01-07T02:25:02.557674+00:00,,,insufficient_data,low
43ee8119-56ac-4003-9be1-90b9980e3a48,e80d8760-787e-48e9-85d4-798c4d156a7a,2026-01-07T02:40:51.158583+00:00,,,insufficient_data,low
51aa9796-75ce-4245-b107-1a64d067cb89,e80d8760-787e-48e9-85d4-798c4d156a7a,2026-01-07T02:40:11.059003+00:00,,,insufficient_data,low
bd7ed0df-2e33-4834-b081-7c6563a607f1,e80d8760-787e-48e9-85d4-798c4d156a7a,2026-01-07T02:38:53.749916+00:00,,,insufficient_data,low
afce844e-c2c9-4e9e-9c76-15f20d167a61,e80d8760-787e-48e9-85d4-798c4d156a7a,2026-01-07T02:30:35.683697+00:00,,,insufficient_data,low
7937e9a4-c38a-41f4-aa8d-23421df2688e,e80d8760-787e-48e9-85d4-798c4d156a7a,2026-01-07T02:18:42.633309+00:00,,,insufficient_data,low
e3bd63fa-ff74-4cd6-a5ef-d0c3b5a7bfbd,e80d8760-787e-48e9-85d4-798c4d156a7a,2026-01-07T02:22:15.566096+00:00,,,insufficient_data,low
649a8ef5-2e6b-4f49-8189-958f7a96ee38,e80d8760-787e-48e9-85d4-798c4d156a7a,2026-01-07T02:19:37.27887+00:00,,,insufficient_data,low
e451e398-3835-4fe3-bf2a-b6eb6c687524,3a88682e-6fab-463c-8328-6b403c8c5c7a,2026-01-27T23:26:59.367558+00:00,,,insufficient_data,low
7e296a8a-1993-473f-9203-c73858f9b6f3,e80d8760-787e-48e9-85d4-798c4d156a7a,2026-01-07T02:45:59.958611+00:00,,,insufficient_data,low
8f4a0985-b1ff-4da1-9806-07e3157bff30,e80d8760-787e-48e9-85d4-798c4d156a7a,2026-01-07T01:23:49.688037+00:00,,,insufficient_data,low
39e258f7-5f36-42b6-8b6c-002f14730a88,bef33b11-fe0f-4361-a1c9-cbb966f14e12,2026-01-19T08:37:41.252641+00:00,,,insufficient_data,low
f35ff7ce-2aaf-47d3-9111-fe9209c523a3,bef33b11-fe0f-4361-a1c9-cbb966f14e12,2026-01-20T11:01:08.319611+00:00,,,insufficient_data,low
f5c6c176-2d55-4c42-98a3-e359eee7f19e,bef33b11-fe0f-4361-a1c9-cbb966f14e12,2026-01-21T00:47:35.833785+00:00,,,insufficient_data,low
0a1ff20e-bf24-47e7-80a9-aa23e66c77a8,3a88682e-6fab-463c-8328-6b403c8c5c7a,2026-01-25T14:51:44.297989+00:00,,,insufficient_data,low
f1d6547d-5aaf-4723-803a-7051c8b4e7d0,3a88682e-6fab-463c-8328-6b403c8c5c7a,2026-01-27T10:48:52.376703+00:00,,,insufficient_data,low
6d2e5f65-9f45-4144-9559-4e313c1e9296,3a88682e-6fab-463c-8328-6b403c8c5c7a,2026-01-28T00:50:13.121793+00:00,,,insufficient_data,low
83714881-56f8-4f77-aa31-e3158d47bde2,3a88682e-6fab-463c-8328-6b403c8c5c7a,2026-01-28T01:06:43.765816+00:00,,,insufficient_data,low
57b922b1-9738-4786-8ec5-32249de24cf4,3a88682e-6fab-463c-8328-6b403c8c5c7a,2026-01-28T01:07:07.29852+00:00,,,insufficient_data,low
88fc002a-eb35-465c-a035-82accaf990e1,3a88682e-6fab-463c-8328-6b403c8c5c7a,2026-01-28T01:32:38.01205+00:00,,,insufficient_data,low
a8396537-4c1d-42ab-a2d5-528c39896ac2,3a88682e-6fab-463c-8328-6b403c8c5c7a,2026-01-28T02:19:11.746914+00:00,,,insufficient_data,low
8d7a4e57-f74f-470d-be55-5875c1a384ac,3a88682e-6fab-463c-8328-6b403c8c5c7a,2026-01-28T02:57:11.838706+00:00,,,insufficient_data,low
b512cf0d-5926-420c-9ab8-3c94d0e32b11,3a88682e-6fab-463c-8328-6b403c8c5c7a,2026-01-28T03:06:47.210302+00:00,,,insufficient_data,low
9df4b498-636e-48d8-bf56-7c3fa15ecb1c,3a88682e-6fab-463c-8328-6b403c8c5c7a,2026-01-28T04:10:58.064623+00:00,,,insufficient_data,low
95606261-f9a2-4fe6-ab2c-13cf8361ef20,3a88682e-6fab-463c-8328-6b403c8c5c7a,2026-01-28T04:39:04.883751+00:00,,,insufficient_data,low
0320d03e-165e-465a-a153-424278989013,3a88682e-6fab-463c-8328-6b403c8c5c7a,2026-01-28T05:28:37.208221+00:00,,,insufficient_data,low
b20aed79-304f-4791-b2a5-d90f269558dc,3a88682e-6fab-463c-8328-6b403c8c5c7a,2026-01-28T06:40:45.795544+00:00,,,insufficient_data,low
f33f29ca-e74d-4750-a7f9-84878844acef,3a88682e-6fab-463c-8328-6b403c8c5c7a,2026-01-28T08:39:01.255046+00:00,,,insufficient_data,low
9ba32c26-285f-4cd7-b966-43f31f0b4f06,3a88682e-6fab-463c-8328-6b403c8c5c7a,2026-01-29T00:45:52.88914+00:00,,,insufficient_data,low
fd0525e5-8daf-41b9-a335-2f68c8ff1096,3a88682e-6fab-463c-8328-6b403c8c5c7a,2026-01-29T05:56:52.830486+00:00,,,insufficient_data,low
7667b9a5-4a6f-4677-9916-c117db70c486,3a88682e-6fab-463c-8328-6b403c8c5c7a,2026-01-29T07:29:37.28044+00:00,,,insufficient_data,low
68757d78-9aa7-48b2-892c-e70b3d0e2b7b,3a88682e-6fab-463c-8328-6b403c8c5c7a,2026-01-29T07:38:18.330415+00:00,,,insufficient_data,low
369a3bb8-64de-4525-8d5f-0d1cb76d8f15,3a88682e-6fab-463c-8328-6b403c8c5c7a,2026-01-29T08:53:47.212406+00:00,,,insufficient_data,low
fa395da9-fdf2-4fd0-a821-9785e2bc2a96,3a88682e-6fab-463c-8328-6b403c8c5c7a,2026-01-29T09:32:21.044757+00:00,,,insufficient_data,low
94888462-bd3b-413b-b29f-0ab6e5dc789a,3a88682e-6fab-463c-8328-6b403c8c5c7a,2026-01-29T14:35:28.55865+00:00,,,insufficient_data,low
6d72324d-0e8d-4f69-8b9c-8a1baf75c1e8,3a88682e-6fab-463c-8328-6b403c8c5c7a,2026-01-29T14:46:55.703491+00:00,,,insufficient_data,low
9c1c71a4-3613-4014-ac9a-e359646a9dd9,3a88682e-6fab-463c-8328-6b403c8c5c7a,2026-01-29T17:24:05.284799+00:00,,,insufficient_data,low
a655340e-ec94-498f-a327-7e779a465ff3,3a88682e-6fab-463c-8328-6b403c8c5c7a,2026-01-29T22:28:06.36258+00:00,,,insufficient_data,low
ef4dba3c-c62f-4031-9294-bd0d96100fe0,3a88682e-6fab-463c-8328-6b403c8c5c7a,2026-01-29T22:38:49.236226+00:00,,,insufficient_data,low
f432ecdb-f8a1-42f8-8918-e7b48c7e827a,3a88682e-6fab-463c-8328-6b403c8c5c7a,2026-01-29T22:50:00.921558+00:00,,,insufficient_data,low
688b32cb-514c-40b6-90e8-247e252b4693,3a88682e-6fab-463c-8328-6b403c8c5c7a,2026-01-29T23:51:23.397582+00:00,,,insufficient_data,low
a08ad6bc-74ff-4676-b8f8-e97d9b54e45a,3a88682e-6fab-463c-8328-6b403c8c5c7a,2026-01-29T23:53:03.641259+00:00,,,insufficient_data,low
ffaa5589-f0ff-42f8-aee3-e62a7e71089f,3a88682e-6fab-463c-8328-6b403c8c5c7a,2026-01-30T00:02:26.941856+00:00,,,insufficient_data,low
bbb3a80a-da61-42bb-b941-15c0ce2e53a1,3a88682e-6fab-463c-8328-6b403c8c5c7a,2026-01-30T00:03:39.450196+00:00,,,insufficient_data,low
6e72537f-152c-41cd-b88b-8b36a5583cdf,3a88682e-6fab-463c-8328-6b403c8c5c7a,2026-01-30T00:07:40.000345+00:00,,,insufficient_data,low
f88b30e2-5839-4a8c-be4d-c904719dc009,3a88682e-6fab-463c-8328-6b403c8c5c7a,2026-01-30T00:14:35.565367+00:00,,,insufficient_data,low
fadcb513-ab88-4ddc-b960-199043895f22,3a88682e-6fab-463c-8328-6b403c8c5c7a,2026-01-30T00:15:19.406647+00:00,,,insufficient_data,low
9bc2d073-31fe-4731-8be0-a2a9c0a7fd49,3a88682e-6fab-463c-8328-6b403c8c5c7a,2026-01-30T00:19:25.198748+00:00,,,insufficient_data,low
1418be6d-2856-4f16-a8c1-1200f675333a,3a88682e-6fab-463c-8328-6b403c8c5c7a,2026-01-30T00:25:00.844483+00:00,,,insufficient_data,low
1d0ddf70-bca4-4240-9d6c-03dda8a4ed28,3a88682e-6fab-463c-8328-6b403c8c5c7a,2026-01-30T00:26:52.686266+00:00,,,insufficient_data,low
bc3a4d66-aac3-4598-8cdb-092747a88b0f,3a88682e-6fab-463c-8328-6b403c8c5c7a,2026-01-30T00:39:53.462873+00:00,,,insufficient_data,low
24f7fc1b-0db4-4ced-b4ef-e73bb05ff150,3a88682e-6fab-463c-8328-6b403c8c5c7a,2026-01-30T00:45:01.754042+00:00,,,insufficient_data,low
bdbe8523-6a91-4a4e-843a-93ec236d4fd4,3a88682e-6fab-463c-8328-6b403c8c5c7a,2026-01-30T00:45:27.328778+00:00,,,insufficient_data,low
0fd9fec6-eaeb-4414-8038-3427c04056ce,3a88682e-6fab-463c-8328-6b403c8c5c7a,2026-01-30T00:47:27.323568+00:00,,,insufficient_data,low
0ce799f1-f446-4a05-873e-ec499c5efe4f,3a88682e-6fab-463c-8328-6b403c8c5c7a,2026-01-30T00:49:27.231393+00:00,,,insufficient_data,low
bddddef5-feaa-4d52-948a-c6c359a3c7be,3a88682e-6fab-463c-8328-6b403c8c5c7a,2026-01-30T00:51:39.823614+00:00,,,insufficient_data,low
e7d23c13-95be-4a7a-8411-7ad3bcbcb109,3a88682e-6fab-463c-8328-6b403c8c5c7a,2026-01-30T02:18:53.758425+00:00,,,insufficient_data,low
8b5ba002-5dd8-4b8d-bbc2-d76b818093c2,3a88682e-6fab-463c-8328-6b403c8c5c7a,2026-01-30T02:23:27.407022+00:00,,,insufficient_data,low
3ba96aae-1cf0-463e-88e3-fcc8c57e8e05,3a88682e-6fab-463c-8328-6b403c8c5c7a,2026-01-30T02:26:11.395617+00:00,,,insufficient_data,low
6c9300b4-4208-43a7-8d87-79d838146831,3a88682e-6fab-463c-8328-6b403c8c5c7a,2026-01-30T02:28:13.274806+00:00,,,insufficient_data,low
437bf81c-bb9f-472d-b64f-1d9890b53a85,3a88682e-6fab-463c-8328-6b403c8c5c7a,2026-01-30T02:37:19.244901+00:00,,,insufficient_data,low
e0bbdce0-f850-41ac-9e43-dbfd5dcf1ed7,3a88682e-6fab-463c-8328-6b403c8c5c7a,2026-01-30T02:42:29.123203+00:00,,,insufficient_data,low
80909274-122c-41fc-baa4-38a6efb1aa18,3a88682e-6fab-463c-8328-6b403c8c5c7a,2026-01-30T02:42:55.811171+00:00,,,insufficient_data,low
59bdcb35-349b-47c7-8e71-a90d13c90cc5,3a88682e-6fab-463c-8328-6b403c8c5c7a,2026-01-30T02:43:08.791643+00:00,,,insufficient_data,low
59f26626-72d8-48fe-8df8-e5fdb717d536,3a88682e-6fab-463c-8328-6b403c8c5c7a,2026-01-30T02:46:07.897896+00:00,,,insufficient_data,low
43def46e-59c4-438e-afae-86a2c847e668,3a88682e-6fab-463c-8328-6b403c8c5c7a,2026-01-30T03:07:30.305613+00:00,,,insufficient_data,low
c9673c1a-2edf-4e3e-9f46-637e090fe531,3a88682e-6fab-463c-8328-6b403c8c5c7a,2026-01-30T04:06:54.990183+00:00,,,insufficient_data,low
597e3bd4-69ed-435d-a4f5-16d7e8b1c235,3a88682e-6fab-463c-8328-6b403c8c5c7a,2026-01-30T04:12:38.18298+00:00,,,insufficient_data,low
afee4256-09b0-4534-9a6a-338a22f91676,3a88682e-6fab-463c-8328-6b403c8c5c7a,2026-01-30T04:41:08.910046+00:00,,,insufficient_data,low
f2e5a4e7-3ae2-4565-8b09-61adf45bb2fc,3a88682e-6fab-463c-8328-6b403c8c5c7a,2026-01-30T05:22:24.103009+00:00,,,insufficient_data,low
d85b7829-8102-4f71-9415-c76ae8214651,3a88682e-6fab-463c-8328-6b403c8c5c7a,2026-01-30T06:09:49.157565+00:00,,,insufficient_data,low
6295d5eb-1d5d-4b02-acad-ebc2aea9a3cd,3a88682e-6fab-463c-8328-6b403c8c5c7a,2026-01-30T06:18:12.100699+00:00,,,insufficient_data,low
73e202ef-3756-41f1-a0b4-cd5eb40717e8,3a88682e-6fab-463c-8328-6b403c8c5c7a,2026-01-30T06:38:07.576855+00:00,,,insufficient_data,low
8e88e61a-741d-4c62-9422-f9959bffa7ea,3a88682e-6fab-463c-8328-6b403c8c5c7a,2026-01-30T09:02:25.467442+00:00,,,insufficient_data,low
41ac2474-4484-4833-a494-4926a96a5a76,3a88682e-6fab-463c-8328-6b403c8c5c7a,2026-01-30T11:24:02.927209+00:00,,,insufficient_data,low
cc49ca14-20be-4c38-bddb-e33c69b861ec,3a88682e-6fab-463c-8328-6b403c8c5c7a,2026-02-01T07:41:56.086351+00:00,,,insufficient_data,low
1bacb436-4507-4910-b9b7-e2647a6fd42f,3a88682e-6fab-463c-8328-6b403c8c5c7a,2026-02-01T12:55:48.778189+00:00,,,insufficient_data,low
cf0bac58-b621-4994-8bc0-389ef90d3785,3a88682e-6fab-463c-8328-6b403c8c5c7a,2026-02-02T00:58:36.901457+00:00,,,insufficient_data,low
b912dbb1-1a7d-496c-a593-460d770a4407,3a88682e-6fab-463c-8328-6b403c8c5c7a,2026-02-02T01:07:03.983324+00:00,,,insufficient_data,low
e398d35f-03fd-4864-bee4-2eec996ca058,3a88682e-6fab-463c-8328-6b403c8c5c7a,2026-02-02T01:07:40.770505+00:00,,,insufficient_data,low
d77bda62-4c90-4c85-a5f0-a196f4180fe5,3a88682e-6fab-463c-8328-6b403c8c5c7a,2026-02-02T01:08:44.598928+00:00,,,insufficient_data,low
a698649c-5aeb-4d7c-8dbf-929106c28836,3a88682e-6fab-463c-8328-6b403c8c5c7a,2026-02-02T01:10:10.236455+00:00,,,insufficient_data,low
5cc2c6a4-e7ef-4d06-9a61-253bce466b2d,3a88682e-6fab-463c-8328-6b403c8c5c7a,2026-02-02T01:10:12.692045+00:00,,,insufficient_data,low
f9596e6f-386f-491e-9a81-24aa57af3b86,3a88682e-6fab-463c-8328-6b403c8c5c7a,2026-02-02T01:12:54.250901+00:00,,,insufficient_data,low
f85eca56-ceec-4ef1-96b0-d7f730917e79,3a88682e-6fab-463c-8328-6b403c8c5c7a,2026-02-02T01:13:12.963062+00:00,,,insufficient_data,low
bb1ad9c7-5707-4f44-b79c-0269d80db47c,3a88682e-6fab-463c-8328-6b403c8c5c7a,2026-02-02T01:14:01.982361+00:00,,,insufficient_data,low
03d9b79d-f15c-4cc2-bba7-eb0775342a21,3a88682e-6fab-463c-8328-6b403c8c5c7a,2026-02-02T01:15:56.60196+00:00,,,insufficient_data,low
4b38a80d-77d2-4423-8424-44a4aa4feebb,3a88682e-6fab-463c-8328-6b403c8c5c7a,2026-02-02T01:20:55.171293+00:00,,,insufficient_data,low
77d0ce87-a95f-4165-a0fe-56d33e956a59,3a88682e-6fab-463c-8328-6b403c8c5c7a,2026-02-02T01:23:02.874644+00:00,,,insufficient_data,low
076c807e-e3d9-4c04-92c1-b07b5ba211b4,3a88682e-6fab-463c-8328-6b403c8c5c7a,2026-02-02T01:23:52.620166+00:00,,,insufficient_data,low
a4454c08-b174-4a09-82be-83ab81c3a045,3a88682e-6fab-463c-8328-6b403c8c5c7a,2026-02-02T01:25:23.162691+00:00,,,insufficient_data,low
db7cbc6a-6fd1-43fa-80e0-095f4424da24,3a88682e-6fab-463c-8328-6b403c8c5c7a,2026-02-02T01:25:29.406831+00:00,,,insufficient_data,low
1e2c8d00-9e7d-4652-a76b-c5921232e0d4,3a88682e-6fab-463c-8328-6b403c8c5c7a,2026-02-02T01:25:34.816131+00:00,,,insufficient_data,low
77ee46e6-8e1a-451d-bf05-be3d8fafb756,3a88682e-6fab-463c-8328-6b403c8c5c7a,2026-02-02T01:25:42.784336+00:00,,,insufficient_data,low
61d266f6-2eb0-4b65-a1b1-94962accfdcb,3a88682e-6fab-463c-8328-6b403c8c5c7a,2026-02-02T01:27:35.96679+00:00,,,insufficient_data,low
3ea250db-e86b-484e-952a-7b0d1e3d6465,3a88682e-6fab-463c-8328-6b403c8c5c7a,2026-02-02T01:28:43.757387+00:00,,,insufficient_data,low
9d8df51d-42a1-4a74-8db6-7117b11f41ae,3a88682e-6fab-463c-8328-6b403c8c5c7a,2026-02-02T01:29:16.662337+00:00,,,insufficient_data,low
4efd516e-dc4d-40a8-b586-1a9395a905ae,3a88682e-6fab-463c-8328-6b403c8c5c7a,2026-02-02T01:30:06.549011+00:00,,,insufficient_data,low
9cc2f7e3-6045-4e8d-9b4e-f2f7cab18e82,3a88682e-6fab-463c-8328-6b403c8c5c7a,2026-02-02T01:31:12.073931+00:00,,,insufficient_data,low
def87df4-b42b-4f15-a088-2dbfcefdfc45,3a88682e-6fab-463c-8328-6b403c8c5c7a,2026-02-02T01:32:04.182279+00:00,,,insufficient_data,low
9d174bec-1901-4bcc-931c-b4c8cd6cfc8e,3a88682e-6fab-463c-8328-6b403c8c5c7a,2026-02-02T01:33:21.973812+00:00,,,insufficient_data,low
5b18198b-5d27-4aec-b522-a8b8003872ff,3a88682e-6fab-463c-8328-6b403c8c5c7a,2026-02-02T01:36:27.991532+00:00,,,insufficient_data,low
31c10769-fcfe-46d2-933b-17000b06bc54,3a88682e-6fab-463c-8328-6b403c8c5c7a,2026-02-02T01:37:19.180321+00:00,,,insufficient_data,low
b52dbe43-77f5-485f-8f7f-8d84cadf8bfc,3a88682e-6fab-463c-8328-6b403c8c5c7a,2026-02-02T01:37:25.707948+00:00,,,insufficient_data,low
4c9f7570-a0a7-4a17-9294-625538190a90,3a88682e-6fab-463c-8328-6b403c8c5c7a,2026-02-02T01:37:30.888459+00:00,,,insufficient_data,low
80ba7439-4e98-4ce6-b904-bb3682356c52,3a88682e-6fab-463c-8328-6b403c8c5c7a,2026-02-02T01:37:44.346368+00:00,,,insufficient_data,low
0729177e-787a-4d10-ad80-b2eb4c1be323,3a88682e-6fab-463c-8328-6b403c8c5c7a,2026-02-02T01:37:50.465819+00:00,,,insufficient_data,low
0c192b39-2916-48c0-916e-57d67c1c829f,3a88682e-6fab-463c-8328-6b403c8c5c7a,2026-02-02T01:40:14.848597+00:00,,,insufficient_data,low
b082cc9c-f082-40ea-b160-9dd78f9b4adc,3a88682e-6fab-463c-8328-6b403c8c5c7a,2026-02-02T01:47:17.041782+00:00,,,insufficient_data,low
e648fc26-2b1f-4753-9d3e-336439f57c22,3a88682e-6fab-463c-8328-6b403c8c5c7a,2026-02-02T01:47:25.696386+00:00,,,insufficient_data,low
e19c66f9-a6aa-489e-9fe8-447b964b5add,3a88682e-6fab-463c-8328-6b403c8c5c7a,2026-02-02T01:47:58.306095+00:00,,,insufficient_data,low
87b8f8d5-a46c-4e3e-8589-dcc1b87c080f,3a88682e-6fab-463c-8328-6b403c8c5c7a,2026-02-02T01:48:31.850123+00:00,,,insufficient_data,low
d717b957-cf89-4d07-84f7-446b8d3eddd4,3a88682e-6fab-463c-8328-6b403c8c5c7a,2026-02-02T01:49:32.526158+00:00,,,insufficient_data,low
a4fb62fc-71ff-4d75-beee-0c8af417a6c1,3a88682e-6fab-463c-8328-6b403c8c5c7a,2026-02-02T01:51:27.901166+00:00,,,insufficient_data,low
b63b5461-2739-4d65-84f9-5640226f61b0,3a88682e-6fab-463c-8328-6b403c8c5c7a,2026-02-02T01:51:52.523872+00:00,,,insufficient_data,low
8e36dff2-90c6-45e4-ab52-6c7eb2c45daf,3a88682e-6fab-463c-8328-6b403c8c5c7a,2026-02-02T01:54:55.760004+00:00,,,insufficient_data,low
45ba2cb7-76e0-46ac-b296-fd9fb7e039e3,3a88682e-6fab-463c-8328-6b403c8c5c7a,2026-02-02T01:56:10.825392+00:00,,,insufficient_data,low
dcf72427-bab3-4fbd-a50d-59f80d14fa0c,3a88682e-6fab-463c-8328-6b403c8c5c7a,2026-02-02T01:59:55.106268+00:00,,,insufficient_data,low
f6169dde-9913-4acc-8b5e-1b92ca145fc0,3a88682e-6fab-463c-8328-6b403c8c5c7a,2026-02-02T02:04:25.872166+00:00,,,insufficient_data,low
a8eeca9a-8902-4742-b021-d6578e281b4a,3a88682e-6fab-463c-8328-6b403c8c5c7a,2026-02-02T02:07:36.506719+00:00,,,insufficient_data,low
83fbb633-c89e-4b73-802c-aed0856add62,3a88682e-6fab-463c-8328-6b403c8c5c7a,2026-02-02T02:15:18.642098+00:00,,,insufficient_data,low
47d6180c-5398-4498-a3ac-b11d54913620,3a88682e-6fab-463c-8328-6b403c8c5c7a,2026-02-02T02:19:06.060922+00:00,,,insufficient_data,low
35a15510-c51c-472a-b87c-ff7bf3d1adaa,3a88682e-6fab-463c-8328-6b403c8c5c7a,2026-02-02T02:24:48.05324+00:00,,,insufficient_data,low
58a6268d-a3cd-46ec-8adf-02d3be79e69d,3a88682e-6fab-463c-8328-6b403c8c5c7a,2026-02-02T02:31:49.827102+00:00,,,insufficient_data,low
800efe69-f0cb-4cc6-ac55-6f87c4b7b1d9,3a88682e-6fab-463c-8328-6b403c8c5c7a,2026-02-02T02:32:39.214649+00:00,,,insufficient_data,low
4391ee91-c57d-41ae-ae3f-4cb44ddb6aa0,3a88682e-6fab-463c-8328-6b403c8c5c7a,2026-02-02T02:34:10.517042+00:00,,,insufficient_data,low
9ed01171-c72d-46bd-a3d1-9c306623989c,3a88682e-6fab-463c-8328-6b403c8c5c7a,2026-02-02T02:40:09.573239+00:00,,,insufficient_data,low
2e6d57a2-9012-4581-a22b-9f0dec631400,3a88682e-6fab-463c-8328-6b403c8c5c7a,2026-02-02T02:42:16.299415+00:00,,,insufficient_data,low
cc5085b5-2365-41a5-aae7-bb62b0c6f01b,3a88682e-6fab-463c-8328-6b403c8c5c7a,2026-02-02T02:49:39.627423+00:00,,,insufficient_data,low
d2b2667d-d3ec-4e67-a690-9618af6044ff,3a88682e-6fab-463c-8328-6b403c8c5c7a,2026-02-02T02:59:27.135699+00:00,,,insufficient_data,low
98b4ba67-f2cb-4d4a-a1d6-b03c7df1f7f9,3a88682e-6fab-463c-8328-6b403c8c5c7a,2026-02-02T03:03:32.68907+00:00,,,insufficient_data,low
bf8091f8-534a-46db-93ff-4bf5f694067e,3a88682e-6fab-463c-8328-6b403c8c5c7a,2026-02-02T03:20:19.932883+00:00,,,insufficient_data,low
33da62c4-75e6-4b42-9ea9-34e1fee859b4,3a88682e-6fab-463c-8328-6b403c8c5c7a,2026-02-02T03:32:10.236461+00:00,,,insufficient_data,low
63d9bd69-7266-4dbc-ac4b-f81ec130905a,3a88682e-6fab-463c-8328-6b403c8c5c7a,2026-02-02T03:40:41.387313+00:00,,,insufficient_data,low
826a5dfa-04cb-4c89-8587-6689a532a0bf,3a88682e-6fab-463c-8328-6b403c8c5c7a,2026-02-02T03:55:45.574799+00:00,,,insufficient_data,low
6c2aeb8e-df2f-48dd-b5af-5fb27e406ea7,3a88682e-6fab-463c-8328-6b403c8c5c7a,2026-02-02T04:00:28.33639+00:00,,,insufficient_data,low
6c850c1f-da3a-4b9b-adfb-36a9838e628a,3a88682e-6fab-463c-8328-6b403c8c5c7a,2026-02-02T04:05:39.390796+00:00,,,insufficient_data,low
a49b32cd-a221-4b42-abed-efa003b7395e,3a88682e-6fab-463c-8328-6b403c8c5c7a,2026-02-02T04:09:57.207336+00:00,,,insufficient_data,low
96073115-8bb1-43d6-9c66-32543ebdbb26,3a88682e-6fab-463c-8328-6b403c8c5c7a,2026-02-02T04:15:49.707294+00:00,,,insufficient_data,low
d57ff984-6b46-4bc9-a738-c60806f9e9c7,3a88682e-6fab-463c-8328-6b403c8c5c7a,2026-02-02T04:19:15.178144+00:00,,,insufficient_data,low
2874a441-eacf-4002-b2bf-882e08d1522d,3a88682e-6fab-463c-8328-6b403c8c5c7a,2026-02-02T04:31:38.97999+00:00,,,insufficient_data,low
63cc5d41-343f-4cb9-8599-990e74a016fe,3a88682e-6fab-463c-8328-6b403c8c5c7a,2026-02-02T04:32:46.814672+00:00,,,insufficient_data,low
fbc90fb0-559d-489d-b70e-6d8379ff66e1,3a88682e-6fab-463c-8328-6b403c8c5c7a,2026-02-02T04:37:26.347924+00:00,,,insufficient_data,low
10eadeca-786c-45f6-ab35-796f0bc81306,3a88682e-6fab-463c-8328-6b403c8c5c7a,2026-02-02T04:58:18.959058+00:00,,,insufficient_data,low
60c07b25-7309-44e2-a7c4-8abf21acd6a3,3a88682e-6fab-463c-8328-6b403c8c5c7a,2026-02-02T05:00:01.23949+00:00,,,insufficient_data,low
73188f88-b7e7-4b65-8112-ab0b1e218037,3a88682e-6fab-463c-8328-6b403c8c5c7a,2026-02-02T05:02:08.156265+00:00,,,insufficient_data,low
27029506-765d-4cba-8f2c-d0f4c0da87b9,3a88682e-6fab-463c-8328-6b403c8c5c7a,2026-02-02T05:02:18.4643+00:00,,,insufficient_data,low
c8c0d9b4-3d33-4961-91bf-6216cb17417a,3a88682e-6fab-463c-8328-6b403c8c5c7a,2026-02-02T05:14:06.427558+00:00,,,insufficient_data,low
067523d2-4be8-4689-924f-c09caaac2e18,3a88682e-6fab-463c-8328-6b403c8c5c7a,2026-02-02T06:17:32.232147+00:00,,,insufficient_data,low
49432364-c62a-4a75-81ce-9e8bdef2fcd2,3a88682e-6fab-463c-8328-6b403c8c5c7a,2026-02-02T06:25:17.04047+00:00,,,insufficient_data,low